title,publish_time,like_count,comment_count,media_name,source,abstract,article_url,tag,is_yaowen,article_sub_type
2013年，湖南26岁女孩嫁给71岁老头，婚后还生下一子，如今怎样了,2024-07-12 11:59,23444,2305,智史通鉴,智史通鉴,2013年4月17日，长沙宁乡县的民政局迎来了一对特殊的夫妻。一个71岁的老头和一个26岁的女孩，离远了看，甚至像爷爷和孙女。面对工作人员异样的眼光，女孩说：“我和他是真心相爱的！”这让人好奇，这对相差45岁的夫妻，他们之间到底有着怎样的爱情故事？,https://toutiao.com/group/7390696631223534120/,,0,0
写歌30年穷困潦倒，前妻失望选择离婚，谁料51岁靠一首歌一夜成名,2024-08-12 03:37,21954,3508,八号探秘人,八号探秘人,在阅读此文之前，辛苦您点击一下“关注”，既方便您进行讨论和分享，又能给您带来不一样的参与感，感谢您的支持！编辑：LY无数人都想要一个一夜成名的机会，但机会来了也不是每个人都能把握住的。他用了三十年的时间来准备迎接属于自己的机会。为了这个机会他放弃了一切，甚至包括家庭。,https://toutiao.com/group/7402090890367484428/,,0,0
"万万没想到,53岁“丁克”半辈子的康辉，一生遗憾竟然是一通电话",2024-08-21 22:14,21866,4568,峰哥正读,峰哥正读,在阅读此文之前，麻烦您点击一下“关注”，既方便您进行讨论和分享，又能给您带来不一样的参与感，感谢您的支持！文/编辑：蘑菇百善孝为先。但是到底怎么做才算是“孝”，康辉用了半辈子才明白。央视知名主持人康辉，事业顺遂，家庭幸福，在外人看来是一个人生赢家。,https://toutiao.com/group/7405504703687115273/,,0,0
开国上将家中去世，死后无一人吊唁，儿子：没想到死后却进了医院,2024-08-08 09:29,16954,118,品古观今,品古观今,1980年7月25日，与许世友并称“山东双雄”的开国上将王建安告别了他波澜壮阔的一生，在家中悄然去世。,https://toutiao.com/group/7400697093196628480/,,0,0
毛主席离世当晚：中央秘密找到徐静求助，她当即提出三点特殊要求,2024-09-01 03:08,15687,149,方圆讲历史,方圆讲历史,当车子进入中南海的时候徐静忽然有一种不祥的预感，当看到毛主席静静地躺在床上后，徐静不由瘫坐在地，泪水也止不住地流下来。,https://toutiao.com/group/7409212261107057164/,,0,0
终于曝光！央视公开中国歼-16拦截P-8A，澳飞行员：要看心理医生,2024-09-12 05:10,14252,5481,军武次位面,军武次位面,近日，央视首次公开曝光了2022年中国空军歼-16拦截澳大利亚P-8A巡逻机的画面。视频显示，一架中国空军的歼-16战机不仅释放干扰弹，还精准地横向切过澳大利亚P-8A巡逻机的机头，场面十分惊险，而澳大利亚飞行员的反应更是耐人寻味。,https://toutiao.com/group/7413615476473676322/,,0,0
日本绝密档案被公开，侵略中国并非表面简单，真实目的让人恐惧,2024-07-09 10:21,13840,3397,品古观今,品古观今,提及日军在我国土地上的野蛮行径，许多人或许会简单地认为，他们只是为了扩张领土和抢夺资源。他们疯狂扫荡，所过之处，村庄化为废墟，民众流离失所，难不成他们仅仅是为了掠夺资源吗?,https://toutiao.com/group/7389578160163144202/,,0,0
演员张瑜：离婚后单身30年，再见前夫仍感到心动，66岁没有子女,2024-07-24 10:51,13586,1009,八号探秘人,八号探秘人,在阅读此文之前，辛苦您点击一下“关注”，既方便您进行讨论和分享，又能给您带来不一样的参与感，感谢您的支持！写作不易，作者每天辛苦写稿，只是为了养家糊口，希望各位观众老爷可以多多理解。文中加入5秒广告解锁，观看5秒后便可免费阅读全文啦，感谢各位观众老爷的理解与支持！,https://toutiao.com/group/7395130917804720640/,,0,0
美国怎么也没想到，为中国挖的陷阱竟然困住了自己,2024-07-08 23:30,13464,1587,司马南,司马南,新加坡有个著名的外交家马凯硕先生，曾当过联合国的高级官员，在新加坡也是个高官，他后来致力于研究中美关系问题。,https://toutiao.com/group/7389300670446289418/,,0,0
越闹越大! 陆军原副司令邓志平，涉嫌严重违纪违法被审查! 网友炸锅,2024-09-16 11:47,13096,13438,奋发百灵鸟,奋发百灵鸟,从荣耀巅峰到人生低谷的深刻反思那个年少时便怀揣梦想，踏入军营，用热血和汗水书写传奇的青年，曾是老山战役中不可多得的勇士。然而，岁月流转，荣耀加身的他，最终却步入了一条令人唏嘘的道路。今天，我们不带偏见，仅以事实为镜，探讨邓志平如何从战场英雄沦为公众舆论的焦点。,https://toutiao.com/group/7415206222476919323/,,0,0
中国海警局新闻发言人就菲非法滞留中国仙宾礁的9701号船撤离发表谈话,2024-09-15 05:29,12475,9250,界面快讯,界面快讯,中国海警局新闻发言人刘德军表示，4月17日以来，菲海警9701号船非法滞留中国仙宾礁近5个月，菲方行径严重侵犯中国领土主权，严重违反《南海各方行为宣言》，严重破坏地区和平稳定。其间，中方依法对9701号船采取管控措施，菲方多次企图组织强行运补均遭失败。,https://toutiao.com/group/7414737663309218356/,,0,0
从高考712分，到嫁给农村光棍生育6个娃，她用半生诠释了人生无常,2024-08-28 11:04,12060,1821,书雁飞史,书雁飞史,"1994年，寒门贵子伍继红，以712分的高考成绩，考入中国人民大学。令人意外的是，毕业之后本该享受事业高枕无忧的她，却甘愿嫁给山村“老光棍”，用17年光阴换来6个娃，日子穷到仅能靠低保来维持生活。究竟什么样的人生转折，才让她从意气风发的高材生，沦为苦命的""生育机器""？",https://toutiao.com/group/7408141756992160256/,,0,0
张紫妍：被迫陪睡31人近百次，遭道具虐待，29岁自杀留230页遗书,2024-07-24 02:37,11810,800,八号探秘人,八号探秘人,在阅读此文之前，辛苦您点击一下“关注”，既方便您进行讨论和分享，又能给您带来不一样的参与感，感谢您的支持！本文叙述皆有官方信源，为了读者有更好体验，放在了文章后缀！,https://toutiao.com/group/7394994383675736576/,,0,0
老人说“坟有6不葬，一葬穷三年”，哪6不葬？葬了穷三年？,2024-08-28 09:01,10589,510,惠农圈,惠农圈,之前实行土葬，关于土葬的说法有很多，比如“坟有六不葬，一葬穷三年”。那时候，人们认为逝者葬在哪里，不能葬在哪里，会给后人带来福或灾。,https://toutiao.com/group/7408111961839256064/,,0,0
2025年起，延迟退休正式实施，1980年左右出生，退休年龄多少？,2024-09-13 08:02,10044,124,社保当家,社保当家,2025年起，延迟退休正式实施，1980年左右出生，退休年龄多少?9月13日，全国人大通过了关于实施渐进式延迟法定退休年龄的决定，明确从2025年开始，正式实施延迟退休，那么对于1980年左右出生的人来说，退休年龄将是多少?,https://toutiao.com/group/7414027834856833599/,,0,0
她是第一位博士级歌唱家，12次荣登春晚，丈夫的身份更是深藏不露,2024-08-10 11:05,9682,337,豆莱说,豆莱说,文：豆莱说编辑：豆莱说支持作者，写作不易，文中会有5s广告，观看后可免费阅读全文在当下华语乐坛中，有很多的出色的歌唱家，雷佳就是其中一位。因为她不仅是我国首个荣获了博士学位的歌唱家，更是出道20年就12次登上了春晚舞台的歌唱家。而且，她丈夫的身份也是不容小觑。,https://toutiao.com/group/7401461240674943542/,,0,0
国务院：从2030年1月1日起将职工按月领取基本养老金最低缴费年限由十五年逐步提高至二十年 每年提高六个月,2024-09-13 06:38,9678,12944,财联社,财联社,【国务院：从2030年1月1日起将职工按月领取基本养老金最低缴费年限由十五年逐步提高至二十年 每年提高六个月】财联社9月13日电，国务院关于渐进式延迟法定退休年龄的办法发布，从2030年1月1日起，将职工按月领取基本养老金最低缴费年限由十五年逐步提高至二十年，每年提高六个月。,https://www.cls.cn/depth/1798592,,0,0
我，00后美国姑娘，遇中国留学生，一见钟情，生儿子后才见到婆婆,2024-07-19 00:06,8951,1699,真实人物采访,真实人物采访,我是Sydney，美国女孩，因为有车，一不小心接到一个中国留学生。他很帅，不到一年我就嫁给了他，还生了一个帅气的儿子。,https://toutiao.com/group/7391659832417190426/,,0,0
习近平向全国广大农民和工作在“三农”战线上的同志们致以节日祝贺和诚挚问候,2024-09-21 09:40,8878,5610,新华社,新华社,习近平向全国广大农民和工作在“三农”战线上的同志们致以节日祝贺和诚挚问候。在第七个“中国农民丰收节”到来之际，中共中央总书记、国家主席、中央军委主席习近平代表党中央，向全国广大农民和工作在“三农”战线上的同志们致以节日祝贺和诚挚问候。,http://mp.weixin.qq.com/s?__biz=MzA4NDI3NjcyNA==&mid=2650074248&idx=1&sn=6a1a77c66084f74c4d25123af2cc4bd5,,0,0
湖南省财政厅厅长刘文杰不幸遇害，官方发布讣告,2024-09-20 08:51,8841,18428,界面快讯,界面快讯,9月20日，湖南省财政厅发布讣告，中国共产党的优秀党员，中国共产党第二十次全国代表大会代表，第十四届全国人民代表大会代表，中国共产党湖南省第十二届委员会委员，湖南省财政厅党组书记、厅长刘文杰同志不幸遇害，于2024年9月19日9时12分在湖南长沙逝世，享年58岁。,https://toutiao.com/group/7416645143278830091/,,0,0
民间上坟传统：“上坟不带 5 果，家中不惹灾祸”，哪“5果”？,2024-08-08 10:30,8362,1097,惠农圈,惠农圈,在中国传统文化中，祭祀祖先一直是一项备受重视的活动，它承载着对先人的缅怀、敬意和感恩之情。在上坟的时候，人们会提前准备好供品，比如肉类、酒水，还有水果。其中关于水果的准备，也有着诸多的讲究和禁忌，比如“上坟不带 5 果，家中不惹灾祸”的说法。,https://toutiao.com/group/7400584207141192207/,,0,0
文脉华章丨走近青铜国宝 跟着总书记探寻文明密码,2024-09-17 02:54,7693,3895,人民网,人民网,作者：彭晓玲文物不言，何以中国。2024年9月10日下午，习近平总书记来到陕西宝鸡青铜器博物院考察，走进展厅听取当地周秦时期历史文化介绍，仔细察看何尊、逨盘等珍贵青铜器，了解加强文物保护研究利用等情况。,http://m2.people.cn/news/toutiao.html?s=MV8xXzQwMzIxNjU0XzE2NDExM18xNzI2NTM3MDAy,,0,0
国庆放假最新通知！不仅放假7天，而且还有4个好消息告诉大家,2024-09-21 06:53,7580,716,笑史云烟,笑史云烟,相信不少人已经准备好迎接这难得的七天长假，无论是准备出游看看祖国的大好河山，还是回家与家人团聚，亦或是宅在家里放松休息，大家的心情都充满了期待。,https://toutiao.com/group/7416981278681809423/,,0,0
俄罗斯专家突然想起，两条决定生死的战线摆在中国的面前,2024-09-16 15:12,7559,1055,司马南,司马南,前段时间，俄罗斯召开了一个东方经济论坛，邀请一些中国专家参加了这个论坛。我的一个朋友也在会上跟这些专家讨论了关于俄罗斯的问题。,https://toutiao.com/group/7415256628485800502/,,0,0
学习新语｜中秋团圆时 浓浓家国情,2024-09-17 11:45,7114,3546,新华社,新华社,中秋月圆夜，天涯共此时。中秋寄托着人们对阖家团圆的美好期许，也承载着深厚的故乡情、家国情。让我们一起重温习近平总书记的温暖话语，感受这份浓厚的家国情怀。,https://toutiao.com/group/7415576277262041609/,,0,0
40年前供销社卖过的20个生活用品，见过一半算你厉害，你认识几个,2024-07-23 08:56,6983,851,万物知识局,万物知识局,文/万物知识局本文陈述所有内容皆有可靠信息来源，赘述在文章结尾童年的岁月无论过多久都会因为某件事或某个物品而激发回忆，如今早已长大的我们时常还会想起过往，在看到某个熟悉的老物件时，回忆就如同潮涌般难以抑制，就仿佛再次将我们带回到那个熟悉的午后和熟悉的房间。,https://toutiao.com/group/7394736337166926346/,,0,0
“让黄河成为造福人民的幸福河”——习近平总书记引领推动黄河流域生态保护和高质量发展纪实,2024-09-15 12:45,6779,2985,新华社,新华社,黄河万里，奔流激荡，她是中华民族的母亲河，孕育了古老而伟大的中华文明。保护黄河是事关中华民族伟大复兴的千秋大计。9月12日，习近平总书记在甘肃兰州主持召开全面推动黄河流域生态保护和高质量发展座谈会。,https://toutiao.com/group/7414841867784716815/,,0,0
表面是艺人，实际是富家千金的5位女星，无人敢惹更别说潜规则了,2024-08-28 02:06,6663,497,八号探秘人,八号探秘人,在德云班主郭德纲的作品中，有过这么一句话。虽说此言尤为刺耳，但话糙理不糙。当今娱乐圈，很多女星为出人头地，自愿或被迫做出违反道德底线之事。,https://toutiao.com/group/7407984985224872459/,,0,0
淬火丨听，这是一代代中国军人的誓言,2024-09-18 12:03,6568,3216,央视新闻,央视新闻,听，这是一代代中国军人的誓言徐树年102岁，空军“王海大队”首任政委，参加过抗日战争、解放战争、抗美援朝出国作战，他第一次宣誓就是在战斗间隙。“冰雕连”战士周全弟90岁，长津湖战役中，潜伏在零下40℃的雪地里三天三夜，严重冻伤致四肢截肢。,https://content-static.cctvnews.cctv.com/snow-book/index.html?item_id=9402417226483880935&source=50006&sub_source=50006_001,,0,0
干部发现山头长得像毛主席，孔令华初见落泪，李讷感叹：太像了,2024-07-20 07:50,6430,1179,孔甲丙,孔甲丙,本文内容均引用权威资料进行撰写，文末已标注文献来源及截图，请知悉。随着观察角度的变化，那块岩石似乎越发展现出了毛主席的面部特征:高高的前额、深邃的眼眶以及宽阔的鼻梁。,https://toutiao.com/group/7393622033382277686/,,0,0
初中毕业去当流水线女工，五年后却成为世界冠军，22岁成人生赢家,2024-08-02 10:46,6354,1219,豆莱说,豆莱说,文：豆莱说编辑：豆莱说支持作者，写作不易，文中会有5s广告，观看后可免费阅读全文父母曾设想过子女的千百种可能，只是对于一个走上中专之路的孩子，无非也是毕业，打工，进工厂，养家糊口。,https://toutiao.com/group/7398489613888766475/,,0,0
香港武打演员徐少强去世，享年73岁,2024-09-15 09:08,6215,12223,澎湃新闻,澎湃新闻,9月15日，据香港媒体报道，武打演员徐少强去世，享年73岁。据悉，他于9月初在北京因食道癌离世，资深电影人田启文向媒体证实了徐少强逝世的消息。徐少强1950年10月16日，徐少强出生于中国广东省江门市新会区。早年他曾是香港的一位白领，在股票市场任会计。,https://m.thepaper.cn/newsDetail_forward_28757749?from=toutiao,,1,0
61岁港星内地工地开挖掘机，已被封杀多年，母亲仍住养老院8人间,2024-07-10 11:59,6083,2146,八号探秘人,八号探秘人,本文叙述皆有官方信源，为了给读者更好体验，放在了文章后缀！在阅读此文之前，辛苦您点击一下“关注”，既方便您进行讨论和分享，又能给您带来不一样的参与感，感谢您的支持！编辑：小易演艺圈的更替总是让人唏嘘不已。曾几何时，孙兴凭借《倚天屠龙记》中迷人的“杨逍”一角。,https://toutiao.com/group/7389944309526594082/,,0,0
66年，李宗仁和新婚妻子的合影，虽相差50岁，算得上郎才女貌,2024-07-27 03:23,5597,1090,万物知识局,万物知识局,李宗仁作为国民党军队中的将军，在抗日战争中可谓是立下了赫赫战功，指挥了许多战役，例如台儿庄战役等重大战斗的胜利，击得日军节节败退，可谓是民族英雄般的存在。,https://toutiao.com/group/7396115912748712499/,,0,0
入日籍嫁日本丈夫，击败邓亚萍大喊“吆西”的她，如今过得怎样？,2024-08-08 04:17,5516,599,不似少溓游,不似少溓游,文 | 不似少溓游编辑 | 不似少溓游乒乓球这个诞生于一个多世纪前的英国的球类运动。经过百年的发展历程后，成为了中国的“国球”运动。中国乒乓球的整体水平，长期以来都在世界上保持着近乎断档式的领先。但在这份堪称辉煌的成绩背后，却是国内乒坛激烈到离谱的竞争环境。,https://toutiao.com/group/7400271067921351205/,,0,0
4架美机逼近辽宁舰，歼15冒暴风雨起飞，硬碰硬分出胜负,2024-09-15 06:19,5479,1060,第一军情,第一军情,央视军事9月15日报道了辽宁舰航母编队在西太平洋某海域，遭到4架外方战斗机的逼近。在这个关键时刻，辽宁舰上的歼-15舰载机，冒着强对流暴风雨，挂载实弹升空，对外机进行拦截，一番“硬碰硬”后最终成功逼退外机编队。,https://toutiao.com/group/7414749448699413027/,,0,0
一晚输1亿后，他放弃267亿家产去寺庙当和尚：除了钱，我一无所有,2024-07-06 14:26,5314,1036,智史通鉴,智史通鉴,2003年的香港，一条新闻让人们震惊：富豪何宝生在赌场一夜就输掉了一个亿！可当事人一点不心疼，因为相比他的万亿身家，这一个亿只是毛毛雨罢了。我们也觉得，这样的有钱人，还会有什么烦恼呢？,https://toutiao.com/group/7388519952107520527/,,0,0
今天才知道！电动车“每天充”和“用完再充”，到底哪个更伤电池,2024-08-27 11:19,5227,1092,鲸探所,鲸探所,“今天到底给车充不充电？”估计大多数人每天回家都会想这个问题，看着自己的电动车电量又多又少的，充不充电也是一件非常难以抉择的事情。那么，电动车到底应该怎样充电呢？是每天都充，还是用完之后再充呢？电动车充电不管是在城市还是农村，电动车其实都是人们出门最常见的交通工具。,https://toutiao.com/group/7407773012533117475/,,0,0
董宇辉读错“羽扇纶巾”，文化人设崩塌，再次应验了郭德纲的话,2024-08-27 03:45,5080,11694,峰哥正读,峰哥正读,可就在最近的一场直播中，一向以文化人自居的董宇辉却翻了个大车，一个毕业于一本院校的大文豪居然连高中学的字都能读错，实在是让人啼笑皆非。,https://toutiao.com/group/7407650727687979556/,,0,0
马俊仁：被国家队开除，如今怎么样了,2024-07-03 13:34,5027,310,笑史云烟,笑史云烟,“既是魔鬼，同是功臣！”1993年，王军霞在斯图加特世界田径锦标赛中，一举夺魁，打破了女子10000米世界纪录。而她的教练马俊仁在赛后更是面对媒体扬言道：“想破啥记录就破啥记录，想让谁破，就让谁破！,https://toutiao.com/group/7387377552844767759/,,0,0
安徽合肥市肥东县发生4.7级地震,2024-09-18 12:19,4997,9892,中国地震台网速报,中国地震台网速报,据中国地震台网正式测定，9月18日20时8分在安徽合肥市肥东县发生4.7级地震，震源深度12公里，震中位于北纬31.98度，东经117.60度。,http://news.ceic.ac.cn/CC20240918200817.html,,0,0
油桶上面有这“三个字”，基本上都是勾兑油，看完别再买错了！,2024-07-20 14:04,4792,229,昕昕局,昕昕局,人的生活离不开“柴米油盐”，可如今科技与狠活不断升级，吃什么油最安全成了最大的问题。油桶上面有这“三个字”，基本上都是勾兑油，看完别再买错了!,https://toutiao.com/group/7393594219501470247/,,0,0
中国精锐部队抵达巴西，要在美军面前，展示解放军真正实力,2024-09-14 02:23,4491,151,第一军情,第一军情,据巴西媒体最新报道，受巴西国防部的邀请，解放军参加巴西组织的多国年度军事演习“福尔摩萨-2024”演习。,https://toutiao.com/group/7414318185819800079/,,0,0
第2波关税战打响，美欧枪口一致，否决中国全部方案，人民币反击,2024-09-17 11:01,4440,3285,吴学兰,吴学兰,新一轮贸易战或已无法避免，欧洲否决了中国提出的所有方案，欧美看起来枪口一致，但中国仍在做最后努力，但好消息传来，人民币汇率展开大反击。,https://toutiao.com/group/7415565041648304650/,,0,0
他于9月19日在云南逝世，享年55岁,2024-09-20 04:45,4376,696,大皖新闻,大皖新闻,澎湃新闻记者从云南大学方面获悉，云南大学历史与档案学院刘强教授，因病医治无效，于2024年9月19日下午在云南大学附属医院逝世，享年55岁。公开资料显示，刘强，男，汉族，中共党员，1969年1月2日出生于山东省无棣县，2007年毕业于浙江大学理学院物理化学专业，获取博士学位。,http://www.ahwang.cn/toutiao/202409/2747008.html,,0,1
重磅政论片｜同心筑梦襄盛举,2024-09-19 14:20,4323,1714,新华社,新华社,仲秋时节，北京香山层峦叠翠，双清别墅林木幽深。75年前，在这里，中共中央同各民主党派、各界人士共同筹备中国人民政治协商会议，描绘新中国的宏伟蓝图。,http://api.xinhua-news.com/newroute/newsdetail/101002024091970003721?dest=AGPk6XKxx9pdjI_66m2jBQ7EUL8VClJNXuQeOLnjzxao,,0,0
“果园遭强拆”当事人再发声：家人像牲口一样被拖走,2024-09-20 03:50,4301,5789,九派新闻,九派新闻,“像牲口一样被拖走。”9月19日，在接受九派新闻采访时，贾柯回忆，当时非常绝望，“叫天天不应，叫地地不灵”。他说，5个月前的那天，是一家人的噩梦，因为自己的梨园遭遇强拆，家中4名上前录像取证的妇女和老人被按倒在泥地里，被抢走手机。贾柯家人被强行抬走。,http://feed.huiwen.co/rssv2/toutiaohao_article_ttjpnews_9fc19a1f956448fb9826b9fcb4695509/item/IL2DNBV5QIBZZ5F.html,,0,0
央视又出“黑马”剧！才播2集全国收视第一，老戏骨飙戏太炸裂！,2024-09-10 11:21,4253,655,晓瑜海棠,晓瑜海棠,剧荒怎么办？当然是看央八推出的新剧啊！7月8月暑期档，相信各位观众们已经烦透了《长相思2》、《玫瑰的故事》这类“暑期特供”无脑爱情剧。终于等到学生们开学，影视圈由央视推出年代剧《迎风的青春》带头，回到正轨。开播第一天直空降榜首不说，观众的好评更是一抓一大把。,https://toutiao.com/group/7412948016674275874/,,0,0
147票压过3票，欧洲通过涉台议案，不许两岸统一，蒋万安突然离岛,2024-09-13 09:45,4250,2715,凤凰卫视金亮,凤凰卫视金亮,美欧联合阻挡中国统一，蒋万安演讲提及“一个中华”，新加坡对台发出警告，岛内表明战争担忧，美方要颠覆战后秩序吗?,https://toutiao.com/group/7414061277322838564/,,0,0
中国首例5胞胎现状曝光：父亲过劳去世，如今22年过去，母亲竟然直言后悔……,2024-08-19 08:57,4210,1242,读者,读者,在我看来，这个故事更为让人动容的地方，是爱和责任。缴宝存殚精竭虑、省吃俭用，只为一家人撑起一片天;王翠英将5个孩子全都带在自己身边，教他们识字，教他们做人，教他们团结友爱。,https://toutiao.com/group/7404674971840086540/,,0,0
患难见真情，9艘船装载武器运往俄罗斯，俄盟友出手，美英法急了,2024-09-14 23:13,4206,212,美洲话姐,美洲话姐,作为执掌俄罗斯长达20多年的强人，普京很清楚，决定俄乌冲突走向的因素有很多，战场上的胜败得失固然重要，但战场之外的较量，同样不能忽略。,https://toutiao.com/group/7414640590115897896/,,0,0
以色列这一炸，土耳其查，伊朗查，叙利亚查，中国制造将成大赢家,2024-09-20 17:58,4055,719,南国工场,南国工场,当地时间9月20日，以色列报纸《新消息报》报道，黎巴嫩全境连续两次，电子产品，传呼机，对讲机爆炸事件后，土耳其当局检查了土耳其安全部队使用的通讯设备的安全性。,https://toutiao.com/group/7416772674015298089/,,0,0
普京签令，梅德韦杰夫获新职,2024-09-21 04:14,3820,2466,上观新闻,上观新闻,据《俄罗斯商业咨询日报》网站9月21日报道，俄罗斯联邦安全会议副主席德米特里·梅德韦杰夫被任命为俄罗斯武装力量征募委员会主席。普京总统签署了关于成立该委员会的命令。命令称：“成立这一跨部门委员会是为了执行安全会议在组织防御和军事建设领域承担的任务。,https://export.shobserver.com/toutiao/html/799009.html,,0,1
“三级艳后”曾拒绝成龙，如今61岁胖到220斤，依旧美到撩人心弦,2024-06-21 22:11,3806,250,梓梓珠玑,梓梓珠玑,看起来像坏女人，就一定是坏女人吗?香港女演员吴家丽，一度被称为“最美艳星”，更是一位凭借三级片获得影后的女演员。,https://toutiao.com/group/7382869368532681225/,,0,0
以色列这一炸全搞砸了，中东地区迎来去美国化：中国成为最大赢家,2024-09-20 07:56,3719,1144,深度工场,深度工场,以色列这一炸全搞砸了。以色列在黎巴嫩这一炸，在战术上来说，确实很成功，杀伤4500多名黎巴嫩真主党成员。,https://toutiao.com/group/7416630160327279158/,,0,0
三中全会后总书记考察陕甘释放鲜明信号,2024-09-15 00:34,3697,2102,新华社,新华社,党的二十届三中全会后，习近平总书记地方考察，来到陕甘大地，4天时间，两省三市，深入乡村、社区、文物保护单位等察实情、听民意，谋改革、促发展。,http://mp.weixin.qq.com/s?__biz=MzA4NDI3NjcyNA==&mid=2650072781&idx=1&sn=6477aba18b8dfc02690cf8d07bbf48ae,,0,0
淬火｜奋斗！奋斗！中国军人的冲锋姿态,2024-09-19 09:07,3580,2144,中国军网,中国军网,思想解读类融媒体片《淬火》近日收官片中硬核内容今天，一次看够远火实弹射击↑↑歼-20雨中起降↑↑战机视角俯瞰南沙岛礁↑↑福建舰最新画面↑↑战机与战舰同框↑↑导弹“发货”过程↑↑戳视频↓↓解锁更多精彩来源：中国军号,https://toutiao.com/group/7416278309740216867/,,0,0
时政微视频丨强国必先强农,2024-09-22 00:47,3337,2237,央视新闻,央视新闻,金秋时节，稻熟虾肥、果园飘香，大地一片丰收景象。今天（9月22日），我们迎来了第七个中国农民丰收节。今年，粮食稳产增产，这份沉甸甸的丰收成绩单，不仅振奋着亿万农民的心，也为经济的持续回升与高质量发展提供了坚实的支撑。粮食安全是“国之大者”。,https://toutiao.com/group/7417258262719889972/,,0,0
10个大美女，是央视各频道的“当家花旦”，最性感的是“六公主”,2024-08-26 11:26,3225,631,不似少溓游,不似少溓游,快捷方便成为了年轻人的追求，已经很少有人在电视上收看节目了。看央视各大频道的女主持人才知道什么是“国色天香”，这才是大家应该去追求的“美”。,https://toutiao.com/group/7407268209612587559/,,0,0
当排长时，副师长女儿带个娃无人愿娶，我捡漏，婚后非常幸福,2024-09-01 14:48,3054,633,在路上吃番茄,在路上吃番茄,当兵的时候，副师长的女儿是曾经结过婚的，还带个女孩儿，无人愿娶。我了解真实情况后，顶住压力，接受了她们母女，组建了家庭。,https://toutiao.com/group/7409278899140231731/,,0,0
安徽美女道士胡小慧被捕：精通“胡媚术”，九名男徒弟揭露其罪行,2024-09-12 08:10,2986,358,艺述史,艺述史,在安徽一处偏僻山头上，有座神秘的道观，外表平平无奇，但里面却有着一位名气很高的美女道士。美女道士的名字叫做胡小慧，据说有着高深的法力，能帮人消灾解难。很多人慕名前来，交上丰厚的香火钱，在袅袅青烟里，试图从这个年轻道士身上获得一些生活的支撑。,https://toutiao.com/group/7413662261274739200/,,0,0
“最猛烈空袭”！以色列：几乎彻底瓦解！德国、土耳其等多方发声,2024-09-22 01:23,2959,1669,每日经济新闻,每日经济新闻,每经编辑：毕陆名据央视新闻22日报道，以色列9月20日对黎巴嫩首都贝鲁特南郊发动导弹“定点打击”，造成包括至少两名真主党高级军事指挥官在内的37人死亡。以军与黎真主党武装冲突加剧。,http://www.nbd.com.cn/rss/jinri_toutiao/articles/3565109.html,,0,0
东部战区短视频罕见公开外国舰船过航台湾海峡画面,2024-09-17 05:57,2910,2336,环球网,环球网,来源：环球时报-环球网 【环球时报-环球网报道 记者郭媛丹】对两岸同胞而言，中秋节是十分重要的传统节日。解放军东部战区17日上午发布短视频《守护·美》一以贯之地表达其“守护大美中国、守护家国统一、守护两岸福祉”的使命愿景和坚定决心。,https://3w.huanqiu.com/a/5e93e2/4JTUtfG8qjN?agt=20,,0,0
日本作出让步，换取中国解禁水产，万没料到市场被上千家俄企抢光,2024-09-21 09:13,2877,3413,田柳Talk,田柳Talk,日本排放核污水之后，中国一直通过各种努力督促日方放弃错误做法，最近两国首次就福岛核污水排海问题达成共识。,https://toutiao.com/group/7416629217696203275/,,0,0
“末日时钟”接近毁灭时刻 全球“核战”风险升级？,2024-09-16 07:54,2853,1578,央视新闻,央视新闻,9月10日，美国历史学家也是美国驻苏联的最后一任大使杰克·马特洛克发出警告，西方国家对俄罗斯的“不宣而战”极其危险，很容易导致误判，进而引发各方交换核打击。自二战结束以来，核武器最主要的作用是威慑。,https://content-static.cctvnews.cctv.com/snow-book/index.html?item_id=14929757164451748308&source=50006&sub_source=50006_001,,0,1
吃牛排时，为何旁边都放一个溏心蛋，不懂别随便吃，免得闹笑话,2024-07-13 06:05,2803,2628,云莳一,云莳一,阅读此文之前，麻烦您点击一下“关注”，既方便您进行讨论和分享，又能给您带来不一样的参与感，感谢您的支持。文|夏夜芦苇荡编辑|夏夜芦苇荡本文陈述所有内容皆有可靠信息来源赘述在文章结尾，但为提升文章可读性，细节可能存在润色，请理智阅读，仅供参考！,https://toutiao.com/group/7390663951204106787/,,0,0
为什么现在酒店退房都不再查房了？内部员工道出真相，真涨知识了,2024-08-25 09:53,2760,1026,水大叔,水大叔,为什么现在酒店退房都不再查房了？内部员工道出真相，真涨知识了当我们出差或者外出旅游时，大多都会将酒店作为我们的临时居住地点，相对比其他地方来讲，酒店能让我们拥有更好的居住体验感。毕竟大部分酒店的设备都很齐全，光是这一点就是其他地方所无法比拟的。,https://toutiao.com/group/7407012341864301067/,,0,0
善恶终有报！疫情期间一毛不拔，赚中国的钱捐美国6亿，如今怎样,2024-09-03 09:00,2722,417,艾弥儿,艾弥儿,然而，就是这样一个在中国成长起来的富豪，在疫情期间面对自己同胞的困境一毛不拔，对与她毫无关系的美国却十分大方，并且一出手就是6亿美元。,https://toutiao.com/group/7410292416906920499/,,0,0
突发！德军7000吨主力舰开向台海口，不听中方警告，052D横刀立马,2024-09-11 03:22,2680,1190,周律鸣法,周律鸣法,台海局势风云突变，在中方反复警告的情况下，德国一艘7000吨级主力舰直逼台海口蓄意挑衅!自中俄建立战略协作伙伴关系以来，美国为首的西方阵营开始明目张胆地在亚太地区挑衅中国，频繁派遣军舰进入中国周边海域，试图破坏地区和平稳定。,https://toutiao.com/group/7413219848064336384/,,0,0
全球最富揭晓：美国首富造火箭，印度首富搞能源，中国首富在干嘛,2024-08-02 07:38,2659,4160,智史通鉴,智史通鉴,2024年4月3日，新一轮的福布斯排行榜出炉，法国奢侈品品牌LV的总裁荣登榜首。同时，马斯克也凭借第二的名次也又一次为了美国的首富。众所周知，马斯克的特斯拉公司最近几年发展势头极好，spaceX公司造火箭的工作也进行的如火如荼。,https://toutiao.com/group/7398431880397324839/,,0,0
淬火丨六集思想解读类融媒体片《淬火》,2024-09-17 07:31,2567,179,央视新闻,央视新闻,经中央军委批准，由中央军委政治工作部、中央网信办、中央广播电视总台联合制作思想解读类融媒体片《淬火》。该片聚焦打好实现建军一百年奋斗目标攻坚战，进行式呈现全军官兵在习近平强军思想引领下，贯彻落实新时代政治建军方略，为强军事业艰苦奋斗、顽强奋斗、不懈奋斗的昂扬风貌。,https://content-static.cctvnews.cctv.com/snow-book/index.html?item_id=1364967031435409069&source=50006&sub_source=50006_001,,0,1
近年落马的七位女贪官！各个长相甜美，却心如蛇蝎,2024-09-14 09:47,2535,127,三农潘亚飞,三农潘亚飞,中纪委突然传来重磅消息，有7名公职人员被查落马，涉嫌严重违纪违法行为，真是大快人心，看看都是谁?王桂芝，女性，汉族，1960年出生于河南南阳，大学本科学历，1979年参加工作，1985年加入中国共产党，今年63岁。,https://toutiao.com/group/7414432979777094179/,,0,0
时政新闻眼丨如何全面发展协商民主？习近平在这次重要会议上提出明确要求,2024-09-21 02:57,2519,1341,央视新闻,央视新闻,在中华人民共和国第75个国庆日到来前夕，两场重要会议相继举行：一周前，9月14日，庆祝全国人民代表大会成立70周年大会；9月20日，庆祝中国人民政治协商会议成立75周年大会。习近平总书记在这两场会议上都发表了重要讲话。,https://content-static.cctvnews.cctv.com/snow-book/index.html?item_id=8534057997806665070&source=50006&sub_source=50006_001,,0,1
退休后才明白，当别人问退休金多少时，聪明人只回答“3句话”,2024-09-12 13:20,2510,782,水大叔,水大叔,众所周知，人生在世，不过短短几十年的时间在这几十年里，我们会经历很多的事情，遇到很多的人，从而拥有更多的感悟。,https://toutiao.com/group/7413745316161257999/,,0,0
4年来首次 美联储宣布降息50个基点,2024-09-18 18:05,2470,5596,央视新闻,央视新闻,美国联邦储备委员会当地时间18日宣布，将联邦基金利率目标区间下调50个基点，降至4.75%至5.00%之间的水平。这也是4年来，美联储首次降息。此外，根据美联储的预测，今年年底美国联邦基金利率将达到4.4%，即4.25%至4.5%的目标区间，到2025年将降至3.,https://content-static.cctvnews.cctv.com/snow-book/index.html?item_id=4826525383164431677&source=50006&sub_source=50006_001,,0,1
总书记在三中全会上的重要讲话发表，一起学习领悟！,2024-09-16 10:40,2453,1208,新华社,新华社,《求是》杂志16日发表习近平总书记的重要文章《在党的二十届三中全会第二次全体会议上的讲话》。我们以摘要的形式，梳理其中要点，和大家一起学习领悟。,http://api.xinhua-news.com/newroute/newsdetail/101002024091570001836?dest=A9qi8veANON-pRHZDRG6jE7R3kHPWIKrSDABf5EEWoHQ,,0,0
萨日娜：结婚34年只生孩子不做饭，帅气演员丈夫把她宠成宝,2024-06-24 09:59,2436,189,八号探秘人,八号探秘人,现如今，两人已经结婚34年，依旧恩爱如初，萨日娜只生孩子不做饭，潘军则把她宠成宝，那么，是什么让这对夫妻走到今天?,https://toutiao.com/group/7383997226814620169/,,0,0
英国情侣要四个月游遍整个中国，没想到开始就被中国的导航震惊了,2024-07-25 18:44,2431,324,月上树梢,月上树梢,文案/编辑：微笑星星前言继上次144小时免签旅游上海后说东京和上海相比是弟弟后。英国情侣，乔和米莉亚情侣表示丝毫没有玩够，并立志要四个月游遍整个中国，于是在办理完签证后，这次则是来到了中国的首都北京。,https://toutiao.com/group/7395495760084713999/,,0,0
我国大力提倡禁娼？色情合法化的后果多严重，德国现状告诉你！,2024-08-30 02:31,2382,1012,昕昕局,昕昕局,本文陈述所有内容皆有可靠信息来源，赘述在文章结尾文 |昕昕●—≺ 前 言 ≻—●“扫黄”行动一直都是我国的重中之重，任何和色情沾边的都会被带走调查，在中国想从事色情产业，那就是死路一条。,https://toutiao.com/group/7408753916327870985/,,0,0
安徽合肥市肥东县附近发生5.0级左右地震,2024-09-18 12:11,2363,8130,中国地震台网速报,中国地震台网速报,据中国地震台网自动测定：2024年9月18日20时8分在安徽合肥市肥东县（北纬32.00度，东经117.60度）发生5.0级左右地震，最终结果以正式速报为准。,http://news.ceic.ac.cn/20240918200841.html,,0,0
2011年，她全裸接受记者采访，并称：我敢看你们，你们敢看我吗？,2024-08-24 08:11,2332,674,艺述史,艺述史,成为了爆红全网的“裸模”后，年仅19岁的苏紫紫全裸出镜，接受了五十多家媒体记者的采访。似乎连采访的记者，也不敢直视她不着寸缕的身体，遑论她还直白相问:“我敢坦然的看着你们，你们敢看我吗?”,https://toutiao.com/group/7406240084095435276/,,0,0
奥运史上难以打破的7个记录，博尔特仅排第3，中国4人上榜,2024-07-22 16:20,2324,1188,实用电脑手机技巧,实用电脑手机技巧,秉持着“更快、更高、更强”的理念，中国奥运健儿们创造了一个又一个夺金时刻，很多时候所创下的记录更是难以被打破，中国4人在榜，就连强如“飞人”博尔特也望尘莫及?,https://toutiao.com/group/7394359975453966902/,,0,0
大局已定，退休人员和农村老人看完坐不住了，早知道早做个准备,2024-08-04 01:40,2272,846,小鲁乱撞,小鲁乱撞,大局已定，退休人员和农村老人看完纷纷坐不住了，早知道早做个准备。不管是在繁华热闹的城市，还是在鸟语花香的农村，不可否认的是有很多老年人，人口老龄化比较严重，那么所要面对的主要问题就是养老了。,https://toutiao.com/group/7399082479582052904/,,0,0
官方宣布国产DUV光刻机！成了！！！,2024-09-14 22:10,2268,1413,晴空,晴空,文|晴空编辑|晴空亲友们，阅读之前，如果感兴趣，不妨给我点个“关注”“点赞”哦。朋友们，你们听说了吗？荷兰那边刚给咱们设了个坎儿，9月6号宣布要限制两款DUV光刻机的出口。咱们正愁着呢没想到9月9号工信部直接扔了个“大礼包”！,https://toutiao.com/group/7414564858043122216/,,0,0
为什么说从2025年开始，70岁以上的老人，可能面临“两大”问题？,2024-09-01 14:12,2165,275,水大叔,水大叔,据可靠数据了解，我国70岁以上的人口数量已经达到了2.5亿人次，占到全国总人口数量的18%。伴随着人口老龄化的出现，养老问题也成了重中之重，要知道养老不仅仅是家庭的责任，更是社会责任。,https://toutiao.com/group/7409677025897710106/,,0,0
罕见！100年前，英国游客拍下的清朝乡村，和想象中完全不一样,2024-09-20 02:07,2165,279,万物知识局,万物知识局,泥泞的土路，衣不蔽体的老百姓，即便是达官显贵的家中也十分破败，而这些都是清王朝的历史痕迹，虽说那时候中国摄影技术并不发达，但也有许多外国游客来到这里，拍摄下了许多老照片，为我们留下了珍贵的历史资料，那清朝到底是怎样的面貌呢?,https://toutiao.com/group/7416287738871267855/,,0,0
政协提案里的中国故事——庆祝中国人民政治协商会议成立75周年,2024-09-21 04:07,2111,186,人民网,人民网,一份提案，是对国之大者的深刻回应。一份提案，是对民生诉求的悉心洞察。一份提案，是对社会进步的殷殷关切。有事好商量，众人的事情由众人商量。政协提案里的中国故事，讲述着人民民主的真谛。,https://toutiao.com/group/7416942691919725106/,,0,0
她是央视最惨主持人，男友被判死缓，丈夫诈骗入狱，47岁无人敢娶,2024-08-27 23:30,2110,207,闻书识焉,闻书识焉,她曾是央视的台柱子，和董卿、周涛并称为央视的三朵金花。回顾刘芳菲的前半生，最令人感到惋惜的，便是她的感情生活，47岁至今无人敢娶。,https://toutiao.com/group/7407743113688564258/,,0,0
普京签署命令任命梅德韦杰夫新职，梅德韦杰夫曾警告，这一情况下俄不排除摧毁基辅,2024-09-21 05:33,2102,173,每日经济新闻,每日经济新闻,每经编辑：杜宇据参考消息援引《俄罗斯商业咨询日报》网站9月21日报道，俄罗斯联邦安全会议副主席德米特里·梅德韦杰夫被任命为俄罗斯武装力量征募委员会主席。普京总统签署了关于成立该委员会的命令。命令称：“成立这一跨部门委员会是为了执行安全会议在组织防御和军事建设领域承担的任务。,http://www.nbd.com.cn/rss/jinri_toutiao/articles/3564932.html,,0,0
湖南88岁老太喝药自尽，5个儿媳围看等3小时，咽气后直接拉去火化,2024-07-29 06:37,2102,328,陈志华观天下,陈志华观天下,2014年，湖南衡阳一位88岁的老母亲，在绝望之际服毒自杀。更令人心寒的是，她的几个儿媳竟冷眼旁观，眼睁睁的看着老母亲痛苦挣扎三个小时后含泪离去。,https://toutiao.com/group/7396938793066086951/,,0,0
学习进行时丨把更多的人团结在党的周围——习近平总书记关心推动人民政协工作的故事,2024-09-20 10:59,2095,174,新华网,新华网,人民政协是中国共产党把马克思列宁主义统一战线理论、政党理论、民主政治理论同中国实际相结合的伟大成果，是中国共产党领导各民主党派、无党派人士、人民团体和各族各界人士在政治制度上进行的伟大创造。,http://my-h5news.app.xinhuanet.com/h5/article.html?articleId=1eb4146052ae4c90b53613c9fbf4662c,,0,0
微视频｜相知无远近,2024-09-16 13:21,1984,1134,新华社,新华社,1986年中秋节的前一天，厦门海风轻拂。时任厦门市委常委、副市长习近平骑着一辆自行车，带着两盒月饼来到厦门大学芙蓉二宿舍，与同学们一起欢度中秋。2015年，习近平给美国的华人华侨带去了月饼和中秋的祝福，与大家度过了一个特殊的中秋。海上生明月，天涯共此时。,http://api.xinhua-news.com/newroute/newsdetail/101002024091670003363?dest=AxqSEjeVAP_x4F6hxsKH2bgFvNVKgzGGS7-bgjdRFZ0A,,0,0
正在登陆！台风“贝碧嘉”眼壁已触及上海,2024-09-15 23:26,1980,3178,环球网,环球网,来源：中国天气台风正在登陆中！今早7时，台风“贝碧嘉”中心位于上海浦东近海海面上，目前仍维持强台风级，中心附近最大风力14级（45米/秒）。,https://toutiao.com/group/7415014801883120165/,,0,0
济南女生遭男生用铁锥扎218下，官方回应：14人投票判定不是霸凌,2024-09-12 23:18,1967,4059,偶遇倾城浅语西,偶遇倾城浅语西,近日，山东一家长反映六年级女儿在学校被同学长期霸凌，其大腿被扎了200余针，衣物密密麻麻都是针孔，手指被铁锤砸肿胀变形，女孩实在忍受不住崩溃大哭道：“我真的想S在学校里面”。,https://toutiao.com/group/7413731739971043881/,,0,0
女孩15岁就能接客！性是生活也是工作，捷克为什么成了色情大国？,2024-09-13 09:10,1966,294,鲸探所,鲸探所,女孩15岁就到了合法性交年龄?18岁是成年，可15岁，仅仅只是一个初中生。很多人都以为，在韩国日本荷兰这些国家，色情产业应该是最“发达”的，可是捷克的色情产业，也并不是一个省油的灯。,https://toutiao.com/group/7414048497181164068/,,0,0
习近平在庆祝中国人民政治协商会议成立75周年大会上发表重要讲话,2024-09-20 11:29,1911,200,新华社,新华社,原标题:习近平在庆祝中国人民政治协商会议成立75周年大会上发表重要讲话强调。新华社北京9月20日电 中共中央、全国政协20日上午在全国政协礼堂隆重举行庆祝中国人民政治协商会议成立75周年大会。,https://toutiao.com/group/7416685591179674148/,,0,0
又一大佬跑路！烧光62亿就跑路，令上千员工失业，投资者血本无归,2024-09-10 10:10,1907,395,云舟史策,云舟史策,遇到这样的老板你就只能哭了，有事他是真跑啊！没有任何预兆，老板就消失的无影无踪了。员工赶紧找去他的家里，豪华别墅里早就人去楼空了，只留下员工痛骂的声音在豪宅中回荡。而这位陈群老板用自己仅剩的良心留下了一张纸条。他还不上投资人的62亿，只能逃了。,https://toutiao.com/group/7412926445183336995/,,0,0
死刑执行现场：当犯人突然回头质问法警的那一刻，老法警当场崩溃,2024-09-03 06:20,1898,383,艾弥儿,艾弥儿,关于死刑的执行，有许多真假难辨的传说。比如说，有人讲，在执行死刑的时候，子弹的花费要由死刑犯的家属承担，这个数字还有整有零，一颗五毛三。,https://toutiao.com/group/7410265165158941235/,,0,0
古力娜扎的“坎坷情史”：连续被爆亲密照，男友一个比一个渣,2024-07-23 09:08,1887,446,八号探秘人,八号探秘人,在阅读此文之前，辛苦您点击一下“关注”，既方便您进行讨论和分享，又能给您带来不一样的参与感，感谢您的支持！本文叙述皆有官方信源，为了读者有更好体验，放在了文章后缀！写作不易，文中会有5s广告，观看后点击右上角关闭即可免费阅读全文编辑丨xk入圈十几年，人前清纯，人后疯狂。,https://toutiao.com/group/7394708525111181858/,,0,0
厅长刘文杰遇害案细节：两男子踩点持刀入室，阳台有搏斗痕迹,2024-09-20 15:58,1837,115,南方都市报,南方都市报,9月20日晚，南都记者获悉，湖南长沙市公安局天心分局通报了湖南省财政厅党组书记、厅长刘文杰不幸遇害案的细节。,https://m.mp.oeeee.com/a/BAAFRD0000202409201002092.html,,0,0
微纪录片 | 真干过活的“老把式”,2024-09-22 13:54,1816,1083,新华社,新华社,习近平对农业、农村、农民有天然感情，和老乡在一起，他说“我们都是种庄稼出身”，质朴本色，让人倍感亲切。今年9月22日是第七个中国农民丰收节，一起感受习近平的“三农”情怀。,http://api.xinhua-news.com/newroute/newsdetail/101002024092270003621?dest=ABxC6nrNSiWGyIVrfKgkhlXVA9Pp4Z9NLa6uGkjcQwl8,,0,0
母亲瘫痪、父亲疯了，当年那个744分的高考状元，7年后却成了这样,2024-09-08 00:54,1807,255,八号探秘人,八号探秘人,母亲截肢瘫痪、父亲疯癫痴傻，可对于自己的亲人，他却做出了这样的评价。而今，7年已过，曾经那个让无数人动容的少年，现在如何?,https://toutiao.com/group/7411852147648496162/,,0,0
第一观察 | 从七年节日问候感悟总书记对“三农”的深情厚望,2024-09-21 15:00,1785,176,新华网,新华网,9月21日，在第七个中国农民丰收节到来之际，习近平总书记向全国广大农民和工作在“三农”战线上的同志们致以节日祝贺和诚挚问候。,http://my-h5news.app.xinhuanet.com/h5/article.html?articleId=2072ddd5f89261accc09d2792c480981,,0,0
11年前小学生扶人被讹百万，老人发誓“骗人全家死绝”，结局怎样,2024-09-10 03:49,1746,778,玖号放映厅,玖号放映厅,面对小学生的热心扶人举动，这位老太当众发了一个“毒誓”。很快，老人儿子找到小学生的父母，要求其赔偿百万元，不然就要法庭上见。,https://toutiao.com/group/7412856331701977626/,,0,0
剧烈爆炸！美军基地遭导弹袭击,2024-09-23 08:18,1728,368,大河网,大河网,总台记者获悉，当地时间9月22日23时左右，位于叙利亚南部哈塞克省的一个美军基地遭到导弹袭击。据了解，该美国军事基地内部和周围发生剧烈爆炸。,https://toutiao.com/group/7417749686901113363/,,0,0
2天超3000人死伤！俄国家杜马主席：已成全球性威胁,2024-09-19 10:11,1727,801,看看新闻,看看新闻,当地时间9月19日，俄罗斯国家杜马（议会下院）主席沃洛金通过社交媒体表示，国际机构必须制定措施，打击将电子设备用作爆炸装置的行为。沃洛金表示，在黎巴嫩，传呼机、对讲机等电子设备发生了一系列爆炸，数十人死亡，超过3000人受到影响。,https://m.kankanews.com/detail/GWw3PgVlP2J?utm_source=jinritoutiao,,0,0
又出大瓜？73岁“风流妖精”刘晓庆，如今已经走上另一条道路,2024-09-21 05:32,1717,235,冯律讲法,冯律讲法,近日，四火姐姐在直播间中透露了一件事，即“身边有位老师，70多岁了，还在谈恋爱，有八个男朋友，所有人都认识她。”,https://toutiao.com/group/7416939451584102939/,,0,0
外资医院来了！梅奥诊所成功落地上海，门诊费要吓一跳！,2024-09-17 12:34,1709,2926,青青子衿,青青子衿,随着“我国拟允许在9地设外商独资医院”政策的落地，还没几天，外资医院的身影已经开始多了起来。比如最近上海的梅奥诊所。梅奥诊所是在2021年落户的上海，但是在2024年6月22日才在中国内地建立国际代表处。,https://toutiao.com/group/7415576882827117107/,,0,0
出事了！伊朗突发大爆炸，美国后院起火，以色列捅下马蜂窝,2024-09-22 11:18,1643,141,美洲话姐,美洲话姐,越来越多的迹象表明，制造寻呼机与对讲机爆炸事件，只是以色列报复真主党的开始。为了让数万以色列民众重返以色列北部，以及沉重打击真主党，接下来，以色列必然会使出浑身解数。,https://toutiao.com/group/7417425117778543139/,,0,0
42年前，她在比赛期间叛逃美国，害惨中国队，晚年却高调回国捞金,2024-08-06 08:11,1629,507,八号探秘人,八号探秘人,写作不易，作者每天辛苦写稿，只是为了养家糊口。文中加入5秒广告解锁，观看5秒后便可免费阅读全文啦，感谢各位观众老爷的理解与支持!,https://toutiao.com/group/7399900521299067431/,,0,0
时政微观察丨丰收时节，总书记强调三个“增”,2024-09-23 08:58,1580,185,央视新闻,央视新闻,“学习运用‘千万工程’经验，切实抓好粮食和重要农产品稳定安全供给，持续巩固拓展脱贫攻坚成果，千方百计推动农业增效益、农民增收入、农村增活力，让农民群众可感可及、得到实惠。”,https://toutiao.com/group/7417756865280344611/,,0,0
向着航天强国目标勇毅前行——以习近平同志为核心的党中央关心引领探月工程纪实,2024-09-22 14:05,1536,782,新华社,新华社,习近平总书记指出:“党中央决策实施探月工程，圆的就是中华民族自强不息的飞天揽月之梦。月球探测的每一个大胆设想、每一次成功实施，都是人类认识和利用星球能力的充分展示。”,https://toutiao.com/group/7417467297323663882/,,0,0
反超华为、阿里！中国第一大民企诞生，营收破1万亿，员工超60万,2024-09-18 08:47,1491,896,云舟史策,云舟史策,刘强东白手起家的神话迎来新纪录！2024年财富世界500强企业中，京东一举成为中国第一大民间企业。而排在京东前面的15家中国公司，全是传统的能源，工程国企和银行。唯一的高科技企业鸿海精密，则是台湾省的富士康母公司。其中阿里巴巴排名全世界第70名，恒力集团排名81，华为排名103。,https://toutiao.com/group/7415861358157120037/,,0,0
痛心，陈梦、马龙被处罚，国际乒联公布处罚原因，刘国梁难辞其咎,2024-09-22 11:07,1482,182,品古观今,品古观今,奥运会后，陈梦先后退出了澳门冠军赛、中国大满贯赛、蒙彼利埃冠军赛三个WTT赛事。此举让不少粉丝觉得遗憾，遗憾不能看到她和孙颖莎的高手对决了。不过，这个期间陈梦收到了不少好消息，还被赋予新职位成了名誉校长。就在球迷为她感到开心时，国际乒联突然公布了一项对她的处罚！,https://toutiao.com/group/7417050040156979749/,,0,0
多人运动?小杨哥和卓仕琳的瓜！除了沫沫还有两个主播也进去了？,2024-09-13 06:35,1461,485,万小刀,万小刀,一、小杨哥的瓜，确实越来越离谱了，跟娱乐圈快有一拼了！前两天，沫沫前老板妖怪搞了一个“社会实验”，讲了一个“很有意思”的故事。直播的视频网上有，但不太好找，不过有热心的网友总结出一个图片，就是下面这张。,https://toutiao.com/group/7414007680530006567/,,0,0
张博宇：张丰毅吕丽萍的亲儿子，今却走上父母老路，成为离婚人士,2024-08-20 06:16,1456,210,稻述,稻述,文 | 招财小羊编辑 | 招财小羊“这是张丰毅的儿子？怎么看起来这么邋遢？”8月19日，李亚鹏的二婚妻子海哈金喜晒出了一条视频。没想到，却偏偏让张博宇成为了最大的话题人物！原来，那天海哈金喜现身北京参加了大学同学的婚礼。而在多个镜头之中，张博宇的身影忽隐忽现。,https://toutiao.com/group/7405097740415304230/,,0,0
董卿父亲董善祥：我这辈子最后悔的事，就是让宝贝女儿嫁给密春雷,2024-09-11 06:59,1441,156,稻述,稻述,提起央视主持，现在挑大梁的几乎就是撒贝宁、尼格买提、龙洋等人了，他们也都非常优秀，但常有人怀念起董卿还在的日子。,https://toutiao.com/group/7413267526601228852/,,0,0
中国最牌面的婴儿，出生时军队保护产房，国家鸣13响礼炮为他庆生,2024-09-03 10:31,1375,233,品古观今,品古观今,(免责声明)文章描述过程、图片都来源于网络，此文章旨在倡导社会正能量，无低俗等不良引导。前言是什么样的尊贵身份，让这名婴儿在降临于世的一刻便让万民欢腾？又是怎样的显赫地位，让他出生时即有军队守护产房，国家更鸣放13响礼炮以示庆祝？,https://toutiao.com/group/7410357977590301193/,,0,0
警方：请在她的橱窗买点东西，如果可以的话……,2024-09-17 01:27,1359,254,环球网,环球网,来源：新华每日电讯 “陕西警方请您停留5秒钟千万别划走”近日陕西警方在短视频账号上发布了这样一则内容 “这是一位警嫂的账号如果您方便可以在她的橱窗买点小东西陕西警方谢谢您”还提到了一个名为“Z&D”的账号这个账号的主人名叫周丹她的丈夫是今年4月英勇牺牲的“90后”民警史礼海陕西警,https://3w.huanqiu.com/a/2dd8ca/4JTKEMbpkYn?agt=20,,0,0
株洲芦淞大桥6死7伤事故视频：网约车遭追尾疑失控；肇事车本月9日刚获得运输证；极狐客服：正调查原因,2024-09-23 07:25,1329,3247,大风新闻,大风新闻,9月23日，湖南株洲市芦淞区芦淞大桥东桥头发生一起多车相撞惨烈事故，根据多段视频初步分析，有网友认为系事故后，司机误将油门当刹车导致，还有网友怀疑系车辆失控。,https://toutiao.com/group/7417734841178882569/,,0,0
天地间有六界，为什么玉帝只掌管三界，其他三界是由谁在管理？,2024-08-09 12:02,1314,716,MayHo美好,MayHo美好,在中国古代的道教传说中显示，天地之间一共有六界，而天界的玉帝是掌管其中的三界。这就多少让人感到有些奇怪，玉帝不一向是这个界中的最高神吗?,https://toutiao.com/group/7400982167590797859/,,0,0
苹果、华为同日开售，结果却是“冰火两重天”,2024-09-20 18:43,1310,2329,四川观察,四川观察,9月20日，iPhone16系列与华为Mate XT三折屏手机同时发售。iPhone16标准版和Plus再次出现破发情况，Pro和ProMax则“一货难求”；而华为Mate XT则出现线上抢购秒没的情况。,https://kscgc.scgchc.com/sctv/h5/v7/newsShare.html?id=1837169948101120002,,0,0
日本反对无效！055大驱强硬过琉球海峡，辽宁舰或携歼-35首次演练,2024-09-19 05:58,1309,171,军武次位面,军武次位面,这一天，不仅是“九一八”事变爆发93周年，也是中国海军以实际行动向全世界展示了中华民族的崛起与自强的重要时刻。,https://toutiao.com/group/7416218536952988195/,,0,0
湖南株洲芦淞大桥发生交通事故，官方：已致6死8伤，肇事司机已被控制,2024-09-23 02:44,1300,1187,红星新闻,红星新闻,23日上午，湖南株洲，芦淞大桥发生一起交通事故。极目新闻记者从株洲官方了解到，事故已经造成6人死亡8人受伤。事故现场（视频截图）据株洲当地官方知情人士介绍，事发时，一辆出租车与网约车相撞后，致网约车失控冲向对向车道，导致碰撞事故发生。目前政府各部门正在现场进行处理。,https://toutiao.com/group/7417663847277838867/,,0,0
被批“不男不女”的毕凌，把父亲毕福剑自以为豪的体面，撕得稀碎,2024-09-02 08:41,1262,285,八号探秘人,八号探秘人,2015年“酒桌风波”之后，毕福剑遭全网封杀、查无此人。甚至“不男不女、撞脸小岳岳、丑人多做怪”的标签。,https://toutiao.com/group/7409924091064386085/,,0,0
窦靖童：我妈钱多到用不完，但穷苦潦倒的爸爸，却成我如今的心病,2024-07-10 06:48,1249,298,豆莱说,豆莱说,文：豆莱说编辑：豆莱说因头条改版，增加了广告解锁功能，当广告打开后，静等5秒钟，您再伸出发财的小手，点击右上角的又号关闭，就可以继续阅读我的文章了歌唱天后王菲和摇滚传奇窦唯的女儿，窦靖童首次担任主演，出演电视剧了。,https://toutiao.com/group/7389894828223513115/,,0,0
玉渊谭天丨美联储四年来首次降息意味着什么？,2024-09-18 23:06,1242,2673,央视新闻,央视新闻,当地时间18日，美联储宣布将基准利率目标范围下调50个基点，降至4.75%~5%，这是自2020年3月以来的首次降息。在这4年间，美联储共加息11次，基准利率从0%~0.25%持续加到5.25%~5.5%。历史上，几乎每轮降息周期，都伴随着美国经济的衰退。,https://content-static.cctvnews.cctv.com/snow-book/index.html?item_id=6422191405293898109&source=50006&sub_source=50006_001,,0,1
通俗解释美联储降息是怎么回事？,2024-09-20 03:31,1235,151,卢克文工作室,卢克文工作室,最近全球各媒体，都在预测美联储即将在9月降息，搞得普通吃瓜群众一惊一乍的，只知道这好像是惊天动地的大事，但不知道对全世界到底有啥影响?,https://toutiao.com/group/7416560236535759372/,,0,0
江苏昆山高压电线因台风坠落致两名快递员被电击身亡？医院：还在抢救,2024-09-16 09:55,1206,925,潇湘晨报,潇湘晨报,9月16日，有网友发消息称，因台风，江苏苏州昆山市一路段高压电线坠落，致两名人员不幸遇难。9月16日16时30分，潇湘晨报记者核实到，两人于16日14时许被送到医院，目前仍在抢救中。,http://api.chenshipin.com/wap/a/66e7f20d84201727451471a2/90f456b81afce808c1fcfbd3f5761f65/1726480427/c3d466570d467e5af903faff2cf12ddeba62f6bb14916c7ab566cdaa497390df,,0,0
广东、浙江等地已出现病例！这个急性传染病，已致全球多人死亡,2024-09-09 20:54,1202,169,每日经济新闻,每日经济新闻,目前，全球多地出现登革热疫情，今年以来，已有国家死亡病例超5000。由于登革热病例不断增加，当地时间9月8日，菲律宾中部保和省进入灾难状态。 在我国，广东、浙江等地已出现登革热病例。,http://www.nbd.com.cn/rss/jinri_toutiao/articles/3551233.html,,0,0
给近三年最好的10部年代剧排个名：《人世间》第6，第1名没有争议,2024-09-06 08:08,1174,385,皮皮电影,皮皮电影,时尚是个轮回，电视剧也是。在2020年之前的那些年，电视剧市场基本上都被偶像剧、都市剧霸占。曾经撑起国剧品质的《闯关东》《岁月》这类年代好剧，难见踪影。,https://toutiao.com/group/7411390030722712090/,,0,0
中国海军三艘航母同时出海，史无前例的一幕，让美国很担忧,2024-09-19 01:35,1157,142,第一军情,第一军情,有细心的网友发现，日前西太平洋上出现了史无前例的一幕:中国海军的三艘航母，同时出海了。根据对岸和日本方面的消息，中国海军“辽宁舰”航母编队，日前穿越了日控与那国岛与台岛之间的水域，一度进入日本毗邻海域，随后进入了西太平洋。,https://toutiao.com/group/7416161552887235082/,,0,0
短评·总书记的改革论|防止照抄照搬、上下一般粗,2024-09-19 13:40,1144,108,新华社,新华社,当前，贯彻落实党的二十届三中全会精神，就是要按照习近平总书记要求的，“找准自身面临的主要矛盾和矛盾的主要方面，制定切合实际的具体改革举措，防止照抄照搬、上下一般粗”，结合实际、因地制宜、主动作为。,http://api.xinhua-news.com/newroute/newsdetail/101002024080970001726?dest=A5giapa9pTAhpZHBYsEdF2IFV9nBN6Vfa2jOcUWzm_rk,,0,0
笑不活了！黄晓明官宣新恋情，我却要笑死在baby的评论区,2024-09-19 17:33,1137,1611,小杰说事,小杰说事,文\小杰编辑\小杰黄晓明新恋情官宣，Angelababy又成话题焦点，网友热议不断最近，娱乐圈又有大瓜，黄晓明和新女友叶珂的恋情一经公开，立马引起了网友的热议。,https://toutiao.com/group/7416405483369660980/,,0,0
苹果手机突发！微信整个都废了？最新回应↗,2024-09-20 09:12,1121,1796,北青网,北青网,"昨天（9月19日）开始有用户在社交平台上反映📱自己的iPhone 14 Pro Max更新了苹果iOS18系统后点开微信公众号遭遇闪退问题""整个公众号都废了，怎么操作都闪退，目前已经尝试了多种方法""。",http://t.ynet.cn/h5/35849709.html,,0,0
涉美诚月饼有关情况，广州花都区最新通报,2024-09-18 04:09,1112,3677,红星新闻,红星新闻,9月18日，广州市花都区市场监督管理局发布关于涉美诚月饼的情况通报，具体如下：近日，部分媒体发布转发“‘三只羊’直播间销售的‘香港美诚月饼’未在香港生产及销售，引发消费者不满”等相关内容话题，引起部分网络关注。,https://toutiao.com/group/7415830182323405351/,,0,0
陈乔恩举办婚礼，谢娜送66666.66元红包，陈乔恩回应：知道你努力想来现场，但红包来了，我也很开心,2024-09-22 10:26,1103,689,九派新闻,九派新闻,9月22日，陈乔恩与艾伦在定情地举办婚礼。好友谢娜发文称，“乔恩，永远快乐幸福，Alan一定要永远永远宠爱乔恩哦。”对此，陈乔恩转发称，“爱你我的辣，知道你努力想办法要来，但红包来了，我也是很开心啊哈哈哈哈哈。”陈乔恩还晒出聊天记录，谢娜给了她66666.,https://toutiao.com/group/7417409141641167371/,,0,0
国风长图｜在庆祝丰收的节日，重温总书记的嘱托,2024-09-22 06:17,1089,156,新华社,新华社,国风长图|在庆祝丰收的节日，重温总书记的嘱托,http://api.xinhua-news.com/newroute/newsdetail/101002024092270001630?dest=AFgCsyWRJ04Vw1-GDhfE6sPhkHWN0yyFViHarBHiD4IY,,0,0
闹大！山东男孩暴打妈妈后续，细节被扒有隐情，母亲求情放过儿子,2024-09-18 08:28,1082,594,陈三村嘴王,陈三村嘴王,▶️常言道：子不教父之过，孩子任性都是父母惯的，在家里跟个“大老爷”一样，追着喂哄着睡，怕他着凉怕他受罪[看]，稍有一点不如意就是打爹骂娘，老祖宗说的话很对慈母多败儿，山东又来上分儿出圈了，既崂山路虎女逆行打人、交警嚣张堵路后续，又来一个当街打母亲。真是小刀拉屁股开眼了！,https://toutiao.com/group/7415897014078128675/,,0,0
赵薇500万股权再遭冻结！原来她干的“丑事”，远比想象中更恶劣,2024-09-12 15:40,1074,241,不可史意,不可史意,自1998年赵薇凭着《还珠格格》这部剧爆火之后，她身上有关日本的话题就没有断过。直到近期，赵薇股权再遭冻结的消息传出来后，人们才发现发现，她身上的丑事并只和日本有关，远比我们想象得更加恶劣!,https://toutiao.com/group/7413643330069873152/,,0,0
10月养老金“并轨”以后，机关事业退休职工的养老金怎样算？,2024-08-30 16:18,1067,156,暖心财经说,暖心财经说,2024年10月即将到来，届时机关事业单位执行了10年的养老待遇是过渡期即将结束。过渡期结束以后，将完全按照新办法退休待遇计算模式计算养老待遇了。养老待遇主要包括基本养老金和职业年金两部分，其中基本养老金又包括基础养老金、个人账户养老金、过渡性养老金三部分构成。,https://toutiao.com/group/7408961937427431936/,,0,0
中国奥委会副主席：不要老骂中国足球，我们的足球人口实在太少了,2024-09-17 13:12,1066,5429,直播吧,直播吧,直播吧9月17日讯 近日接受中新社“中国焦点面对面”专访时，国际奥委会委员、中国奥委会副主席于再清谈到中国三大球该如何发展时表示，不要老骂中国足球，中国足球难以发展的原因是足球人口实在太少。于再清说道：“我认为不要老骂中国足球，因为足球是个非常难的项目。,https://news.zhibo8.com/zuqiu/2024-09-17/66e97ff14d4d5native.htm,,0,0
闹大了，陆军原副司令邓志平，涉嫌严重违纪违法被审查！网友炸锅,2024-09-16 08:30,1058,1966,未来美美,未来美美,话说得好：“手别伸，伸手必被抓。”曾经的铁血硬汉邓志平，竟然也没能抵挡住权力的诱惑，走上了一条腐败的不归路。他曾是军中的英雄，却一步步堕入深渊，最后栽了个大跟头，成了全国热议的“反面教材”。那么，他是怎么从英雄走到这一步的呢？,https://toutiao.com/group/7415145708107366966/,,0,0
老牛“再”吃嫩草！黄晓明又快乐了，小十四岁的女友确实优秀,2024-09-11 08:03,1049,177,8卦娱,8卦娱,没想到如今已经46岁的黄晓明竟然迎来了自己的第二“春”，更让网友感到震惊的是他竟然又一次的老牛吃嫩草谈了一位比自己小了14岁的女友!,https://toutiao.com/group/7413287586443067916/,,0,0
那些年，煤老板跟女明星的故事！,2024-08-17 03:41,1042,281,万小刀,万小刀,聊一聊那些年煤老板跟女明星的故事。一、1980年末，东莞还是个小姑娘。她没有褪下衣衫，也没有闻名全国。那时候最风骚的是山西太原。别看太原偏于一隅，城市不大，基建差到骑自行车都颠屁股。但她却凭借一个“基建”，让无数男人把列车开往那春天，千金散尽不复还。,https://toutiao.com/group/7403947602384912896/,,0,0
美国在世最年长的前总统即将满100岁，1年半前已接受临终关怀，其任内中美正式建交,2024-09-19 03:35,1022,509,极目新闻,极目新闻,据环球时报援引美国《华盛顿邮报》18日报道称，在美国民主党籍前总统吉米·卡特100岁生日即将到来之际，“吉米·卡特100岁：歌曲庆典”音乐会于当地时间17日在佐治亚州首府亚特兰大举行，多位美国戏剧、影视和体育界明星出席或参演。,http://jms.ctdsb.net/jmythshare/#/index_share?cId=0&contentType=5&contentId=2258117,,0,0
用铅块替换，金店女店员3年偷走90多斤黄金首饰，变现近1900万元！带“任务”的她常常主动加班，最后一个离开,2024-09-16 10:03,1021,699,每日经济新闻,每日经济新闻,乌鲁木齐市公安局近日披露了一桩黄金偷盗案情：金店内黄金饰品看似无恙，实则大量黄金已被“偷梁换柱”，结果竟是内贼作案，金店柜台组长利用职务之便，3年时间里用铅块替代等重黄金，侵占金店共计45814.57克（45.8千克，约合91.6斤）黄金首饰，涉案价值达1894.1926万元。,http://www.nbd.com.cn/rss/jinri_toutiao/articles/3559052.html,,0,0
美国已经确定降息了，万亿美元将进入中国，但他们绝不可能甘心,2024-09-13 22:00,1010,108,迷彩虎说,迷彩虎说,当然，我们都知道，美国现在的加息已经走到了尽头，不可能再加了，再加美国经济就要崩盘了，但是我之前分析过，美国现在面对高美息带来的经济风险，还有两条路能走，除了降息之外，还有一条路就是通过大规模战争转嫁金融风险。,https://toutiao.com/group/7413958913781170729/,,0,0
该来的还是来了,2024-08-25 23:47,1007,160,牛弹琴,牛弹琴,8月25日，以色列和真主党之间，爆发了一场多年来最激烈的大战。刀光剑影，杀戮血腥，但却又极富戏剧性。,https://toutiao.com/group/7407227670834102799/,,0,0
百万粉丝网红“努尔飞腿”被喊话进国足，前国脚毛剑卿：他去职业队练过，结合实战不行，达不到职业水平,2024-09-20 06:59,1004,4083,九派新闻,九派新闻,因射门精准，短视频账号名为“努尔飞腿”的新疆小伙努尔麦麦提收获了近130万粉丝。前不久，国足主场不敌沙特后，不少网友喊话“努尔飞腿”进国足。看起来球技好就能进国家队？9月20日，前国脚毛剑卿更新视频回答了这一问题。,https://toutiao.com/group/7416609338980172328/,,0,0
突然飙涨！有人已套现40多万元,2024-09-16 16:46,982,787,21世纪经济报道,21世纪经济报道,继9月12日晚间创新高后，9月13日、14日现货黄金价格持续稳步攀升。截至发稿，金价已来到了2579.35美元/盎司。这仅是黄金价格在突破2500美元点位后的“高位运动”，黄金价格已于此前持续突破多个点位，年内已不止25次创下新纪录。,http://mp.weixin.qq.com/s?__biz=MjI3Njc0NTk4MQ==&mid=2650408787&idx=1&sn=d3b6c053322df2f2c86b53bfe258901a,,0,0
蒙古国非法性交易为何屡禁不止? | 地球知识局,2024-08-07 02:27,964,122,地球知识局,地球知识局,但是，原则上讲，大家都是人，无论是荷兰人还是东南亚人，都和世界上其他国家的人一样，并没有生殖隔离，归根结底还是同一物种。,https://toutiao.com/group/7400217492708164133/,,0,0
合肥一女子便装乘网约车时亮证执法遭拒，官方通报：存在不当执法行为，给予警告处分，调离岗位,2024-09-24 00:17,955,3808,九派新闻,九派新闻,9月22日，安徽省合肥市一名网约车司机史先生在社交平台发布视频称，他搭载一名女性乘客时，拒绝了对方查网约车相关证件的要求，后被封号。,https://toutiao.com/group/7417995216264774183/,,0,0
美英发表联合声明，不许中方帮俄，不许反制菲，也不许在台海动武,2024-09-19 01:54,948,440,大白话瞰世界,大白话瞰世界,美英高官会晤连谈涉中的三个议题，但为什么说最后的联合声明是白纸一张呢？近日，英美两国高官举行会晤。会后发布的联合声明同时涉及了中俄合作问题，南海问题和台海问题。第一点，美英对中俄合作感到担忧。,https://toutiao.com/group/7416166387539837450/,,0,0
苹果华为手机预约差距断崖：苹果预约人数超219万，华为让人意外,2024-09-20 05:42,947,375,Do选手,Do选手,华为vs.苹果：国民手机的崛起之567.9万VS219万。这组数字，就像一记重锤，狠狠地砸在了手机行业的湖面上，激起千层浪。一边是华为最新款折叠屏手机MateXt的预约人数，另一边是苹果iPhone16的预约数据。这差距，说是“断崖式”也不为过。,https://toutiao.com/group/7416595050089464339/,,0,0
16年八达岭野生动物园私自下车，被老虎撕咬的赵菁，如今怎样了？,2024-09-12 03:53,924,260,未央史默,未央史默,她的母亲见状，急忙下车试图救女儿，却不幸命丧虎口。事后，赵菁的父亲始终无法原谅女儿，认为是她害死了妻子。,https://toutiao.com/group/7413598237401137704/,,0,0
湖北一职校21岁女保安值班时被保安队长杀害，受害者家属：凶手行凶后在江边失踪,2024-09-23 12:38,922,507,大河报,大河报,大河报·豫视频记者 杨光9月23日，有网友发视频称，自己21岁的堂妹9月19日晚，在湖北水利水电职业技术学院惨遭保安队长杀害，堂妹的男朋友身中4刀后被送医抢救，至今重伤昏迷。行凶者将凶器和手机放置江边后失踪，至今未找到。,https://toutiao.com/group/7417816147666240039/,,0,0
习近平总书记关切事|能源革命实践描绘新图景,2024-09-20 12:39,904,118,新华社,新华社,2014年，习近平总书记提出推动能源消费革命、能源供给革命、能源技术革命、能源体制革命和全方位加强国际合作的“四个革命、一个合作”能源安全新战略，为新时代能源发展指明了前进方向、提供了根本遵循。,http://api.xinhua-news.com/newroute/newsdetail/101002024091070000353?dest=ACnB-GRcZjP1EnQlNGuYdzMOt9sJZLCr6sAtvRP5mZkI,,0,0
为国争光却遭郎平弃用！转身效力土耳其的王一梅，如今咋样了？,2024-08-31 13:19,880,125,豆莱说,豆莱说,光阴似箭，日月如梭，当初的少女早已退役，成为了排球场的幕后人，这么多年她都经历了什么，现在又怎么样了呢?,https://toutiao.com/group/7409287778514567718/,,0,0
中秋节后卖不完的月饼去哪了？原来有这几种处理途径,2024-09-17 12:33,875,695,极目新闻,极目新闻,极目新闻记者 石倩月饼作为传统节庆美食，在中秋节前夕总能掀起一阵销售高峰。9月17日是中秋假期的最后一天，月饼销售已进入尾声，未销售完的月饼该如何处理呢？9月17日，极目新闻记者探访了解到，未销售完的月饼通常有特价出清、福利赠品、返厂重制等多种处理手段。,http://jms.ctdsb.net/jmythshare/#/index_share?cId=0&contentType=5&contentId=2256816,,0,0
窦靖童：妈妈钱多到用不完，但穷苦潦倒的爸爸，却成她如今的心病,2024-09-13 13:32,872,396,晓瑜海棠,晓瑜海棠,这个问题，恐怕没有谁比窦靖童更有发言权了。虽说妈妈钱多到用不完，但穷苦潦倒的爸爸，却成为了她如今的心病。,https://toutiao.com/group/7414063454618796570/,,0,0
淬火丨第六集 同心奋进创一流,2024-09-16 12:03,867,152,央视新闻,央视新闻,在这个发现即摧毁的年代，先敌发现就能决定战局的胜败。如果预警机是顺风耳，那么无侦-7就是千里眼。李正伟：凭借无人机的能力，突进敌人的火力圈，从生存率、战损比、效费比上讲，我们干的是有人机干不了的事。2023年4月，海军延安舰作为航母编队哨舰，航行在台湾岛以东海域。,https://content-static.cctvnews.cctv.com/snow-book/index.html?item_id=17805263046100386092&source=50006&sub_source=50006_001,,0,0
“央媒点名批评”的九大烂剧，每部都在侮辱智商，杨幂王一博上榜,2024-08-31 09:21,829,386,品古观今,品古观今,“央媒点名批评”的九大烂剧，每部都在侮辱智商，杨幂上榜两部，王一博被怒批演技烂！一：哈尔滨1944今年杨幂真的是“水逆”，作品遭遇“三连扑”，仙偶剧《狐妖》、谍战剧《哈尔滨》、悬疑喜剧《火锅》没一部拿得出手。《哈尔滨1944》更是将她推向了风口浪尖！,https://toutiao.com/group/7409194213763498559/,,0,0
小伙名字太特殊，被公安局警告：你不改，全国公安局的系统都要改,2024-09-03 11:53,823,345,云莳一,云莳一,2006年，一名大学生去公安局换二代身份证，却因名字特殊不允许录入系统。然而，被公安局告知，如果不改名字，那么全国公安局的系统都要改，没有办法的他，一纸诉状将公安局告上了法庭。,https://toutiao.com/group/7410350396507472393/,,0,0
贵州一3岁女童遭黄狗扑倒撕咬受伤；父亲：狗有项圈，主人至今没找到；警方：正在处置，后续会发通报,2024-09-19 03:52,789,1003,极目新闻,极目新闻,近日，网传一恶犬突然扑倒幼童，持续撕咬，周围市民协力救下孩子，引发关注。监控视频——黄狗突然加速冲向孩子，扑倒后持续撕咬约50秒监控视频显示，事发时间为9月18日下午1时29分，一女子在超市外一柜台附近，孩子拉着女子衣服哭闹。,http://jms.ctdsb.net/jmythshare/#/index_share?cId=0&contentType=5&contentId=2258125,,0,0
全红婵哥哥经营的果蔬店被注销，此前称希望助农，当地：一直有在直播,2024-09-18 07:36,775,335,极目新闻,极目新闻,全红婵哥哥经营的果蔬店被注销，此前称希望助农，当地：一直有在直播潇湘晨报2024-09-18 15:17北京据天眼查信息显示，湛江市麻章区全入果蔬店已于9月13日被注销，其经营者是全红婵的哥哥全进华。,http://jms.ctdsb.net/jmythshare/#/index_share?cId=0&contentType=5&contentId=2257381,,0,0
魏启颖：女儿赵薇被封杀后，丈夫也去世，儿子离婚被分一半财产,2024-08-12 15:57,764,230,吃瓜崽崽,吃瓜崽崽,女儿被封杀，儿子感情突发变故，曾经风光无限的赵家荡然无存。她喜欢音乐，想当音乐老师，父母也大力支持，从不会横加干涉。,https://toutiao.com/group/7402251567493333519/,,0,0
好消息：明晚的月亮60年一遇，坏消息……,2024-09-16 12:47,746,116,广州日报,广州日报,一年又中秋，月光照九州而今年，“赏月”这场重头戏将格外有看头！今年的中秋夜天空将上演一场视觉盛宴——“超级月亮”什么是“超级月亮”？,https://huacheng.gz-cmc.com/pages/2024/09/16/0d03bc5661324a9cb36ccfa59dad9405.html,,0,0
看了特斯拉二季度卖出新车44.4万辆，再看比亚迪销量，差距太大,2024-09-21 23:01,745,195,赫薰辞,赫薰辞,阅读此文之前，麻烦您点击一下“关注”，既方便您进行讨论和分享，又能给您带来不一样的参与感，感谢您的支持。文|隔雾编辑|隔雾前言最近看了看新出的车，不看不知道，一看吓一跳。特斯拉在二季度的销售中 ，居然卖了44.4万辆。再把目光看向我们国产车的比亚迪新能源汽车。,https://toutiao.com/group/7416995828759298570/,,0,0
首次公开！055大驱冲入1公里，贴脸截击菲舰，美记者目睹巨舰震撼,2024-09-23 10:26,720,179,东方点兵,东方点兵,美媒首次公开近距离拍摄055大驱画面，贴脸截击菲舰，美记者目睹巨舰震撼，055大驱横刀立马，菲舰畏惧不敢挑衅撒野。,https://toutiao.com/group/7417780904845771304/,,0,0
王开虎同志突发疾病去世,2024-09-15 01:40,715,470,新京报,新京报,中国社会科学院日本研究所发布讣告：中国共产党党员、中国社会科学院日本研究所纪委书记、副所长、研究员王开虎同志，因公出差期间突发疾病抢救无效，于2024年9月14日1时11分在邯郸市中心医院去世，终年51岁。,https://m.bjnews.com.cn/detail/1726364273129582.html,,0,0
定居泰国、高调炫富，这一次再也没人能管住张默，连张国立也没辙,2024-09-19 03:53,710,147,8卦娱,8卦娱,如今的他只能躲在泰国“苟延残喘”，这样的情况不禁让人唏嘘。那么，明明什么都不用做，仅靠父亲张国立就可以过衣食无忧的生活，张默为什么非要整出这些“幺蛾子”呢?,https://toutiao.com/group/7416196458669457960/,,0,0
差距断崖！苹果16预约人数超219万，华为三折叠手机结果如何？,2024-09-19 09:08,694,542,笑史云烟,笑史云烟,苹果发布了万众期待的iPhone16，而华为则是推出了全球首款三折叠屏手机，两大手机科技巨头开始正面交锋。,https://toutiao.com/group/7416274640714088972/,,0,0
离婚2年多，46岁黄晓明官宣与叶珂在一起，女方比心回应，此前称“黄晓明没结婚”莫名其妙,2024-09-19 06:49,692,774,九派新闻,九派新闻,近日，网传称，黄晓明与叶珂疑似结婚。19日，黄晓明发文称，抱歉占用公共资源，大家别猜啦，我们在一起了。对此，叶珂比心回应。此前，叶珂发文：#黄晓明 没结婚#，有点莫名其妙了。并配上聊天记录，截图显示，有人称台媒在造谣，黄晓明表示同意。,https://toutiao.com/group/7416242170878853684/,,0,0
曾为师踢馆报仇，现没参加刀郎演唱会的云朵，已经走上另一条道路,2024-09-05 07:00,685,167,稻述,稻述,说到这两天华语乐坛最炙手可热的歌手，还得是刀郎老师了，阔别舞台已久的他还是宝刀未老，回归后一场线上演唱会给内娱歌手好好上了一课。,https://toutiao.com/group/7411041303573905920/,,0,0
塔吉克斯坦：女多男少，风俗业合法化，中亚最美国度,2024-09-17 00:54,682,304,大小云吞,大小云吞,今天，让我们关注那个在中亚五国中最不起眼的小弟——塔吉克斯坦，一个连迷你都算大的国家!塔吉克斯坦面积小，还特立独行，民族成分大多数居然不是突厥系，这在“斯坦家族”里可真算个稀罕物。,https://toutiao.com/group/7415407249922867764/,,0,0
网红“娟子”，被永久封禁，网友：可以无知，但不能无畏,2024-09-19 00:39,666,580,环球网,环球网,来源：广州日报 9月18日，江苏一位有41万粉丝的网红“娟子爱吃”在直播间公然调侃“918”，称自己不是中国人。网友指出问题的严重性后，她直怼网友管得多：“你们是瞧不起没文化的人吗？”18日晚，该网红的社交平台主页显示已被禁言。,https://3w.huanqiu.com/a/340a94/4JUyRTnQQbf?agt=20,,0,0
5名青年蒙冤入狱21年，出狱后拒绝赔偿，直言：把办案人法办就行,2024-09-11 03:29,658,212,赫薰辞,赫薰辞,2018年，随着法院的“无罪释放”，蒙冤入狱的五名男子才重见天日，可惜的是，历经21年，这五个人早已不是青年，更多是沧桑与不甘。,https://toutiao.com/group/7413217552598106678/,,0,0
在印度遭多人侵犯的“西班牙网红夫妇”吐槽中国厕所,2024-09-20 10:59,640,2601,金羊网,金羊网,9月20日，微博话题“西班牙网红夫妇吐槽中国厕所”登顶热搜榜，引起网友关注和热议。据媒体报道，近日，一对西班牙网红夫妇来到中国西藏旅行，并拍摄视频。在视频中，这对夫妇吐槽喜马拉雅自然保护区咖啡太贵，一杯要4欧元。此外，还称中国的厕所让人惊讶：“每个人的排泄物都在下面流动！,https://news.ycwb.com/2024-09/20/content_52940246.htm,,0,0
卖不动了？月饼和卖月饼的人，困在销量里,2024-09-17 03:53,632,1065,潮新闻,潮新闻,潮新闻“酒店人背了一万盒销售任务、代工厂缺订单做三休一、高价礼盒开始退场……”中秋佳节，本该热闹非凡的月饼市场，今年却意外遇冷，“月饼卖不动了”成了当下热议的话题。“线下开了30多年的月饼工厂，1000多万的货直播了30小时，无人问津。,https://mp.weixin.qq.com/s?__biz=MzkxODIyMzk0Mg==&mid=2247651201&idx=2&sn=30f2a73cc474c83b5476ba2ec193cb37,,0,0
给近3年最好的10部国产剧排个名：《人世间》第9名，第1名没争议,2024-09-11 08:34,632,281,皮皮电影,皮皮电影,过去3年，我们迎来了国剧的一次井喷。今天，皮哥就带着大家回顾过去3年最好的10部国剧，给它们排个名，看看哪一部剧曾让你追得废寝忘食。下面，我们从第十部开始说起:第10名:《边水往事》,https://toutiao.com/group/7413267750547767817/,,0,0
这也能播的吗？中国军号发布歼-20击落“隐身敌机”画面！,2024-09-16 12:53,629,191,利刃,利刃,近日，中国军号发布的歼-20型战斗机实施模拟空战对抗的视频，震惊了许多人。通过这个视频，我们首次明确，歼-20战斗机已经开始实施同代隐身战斗机之间的对抗。,https://toutiao.com/group/7415222590703043082/,,0,0
网红“娟子”，被永久封禁！网友：可以无知，但不能无畏,2024-09-19 01:17,623,758,海峡网,海峡网,9月18日，江苏一位有41万粉丝的网红“娟子爱吃”在直播间公然调侃“918”，称自己不是中国人。网友指出问题的严重性后，她直怼网友管得多：“你们是瞧不起没文化的人吗？”18日晚，该网红的社交平台主页显示已被禁言。,https://toutiao.com/group/7416156994861548073/,,0,0
日本梅毒成灾，“不是为了传给客人，谁得了花柳病还去上班呢?”,2024-09-18 03:37,590,125,书生talk,书生talk,说直白一点就是跟梅毒患者有过亲密的接触，才会传染上这种疾病，而如今的日本，却成为了“梅毒大国”，现在日本国内众多的人患上了梅毒，原因显而易见，就是因为日本国内有着众多的“红灯产业”，收益可观。,https://toutiao.com/group/7415809751830823464/,,0,0
“宁愿丑成怪物”也要永葆青春，这8位明星早已整的“惨不忍睹”,2024-09-12 13:50,550,136,晓瑜海棠,晓瑜海棠,年轻时他们倾国倾城，老了之后却个个“面目全非”！！想当年七八十年代，娱乐圈最不缺的就是俊男靓女了，但奈何岁月无情，这些神颜的明星们也都被皱纹和发福挡住了去路。所以他们便想方设法的让自己永葆青春，拉皮、动刀子、打针，能用的方法那是一个都不落下。,https://toutiao.com/group/7411349618145673782/,,0,0
万万没想到！35岁杨颖兜兜转转干回“老本行”，成了内娱最大笑话,2024-09-18 08:30,549,225,豆莱说,豆莱说,有的人逆风翻盘，有的人一手好牌却打的稀烂，35岁的杨颖属于后者。曾经的她只是一个嫩模，出道后签约了日本的经纪公司，成为了他们的专属模特，可是她却硬生生的挤进来娱乐圈，开始在各个影视剧中做客串。,https://toutiao.com/group/7415889298743935498/,,0,0
俄乌冲突何时能结束？泽连斯基最新表态,2024-09-22 03:10,539,234,红星新闻,红星新闻,据路透社报道，乌克兰总统泽连斯基当地时间21日晚在一次视频讲话中称，已持续两年半的俄乌冲突能否结束，取决于乌克兰西方盟友是否“决心”向乌提供所需武器并允许其使用这些武器。,https://toutiao.com/group/7417299290411762239/,,0,0
被乌军狠狠上了一课，俄超大军火库遭袭击，3万吨弹药炸到了天亮,2024-09-19 10:29,532,308,黄教授,黄教授,在俄乌冲突中，这句话或许正在得到应验，就这两天俄罗斯就被乌军狠狠地上了一课，一个超大军火库遭遇袭击，引起的3万吨弹药殉爆炸到了天亮。,https://toutiao.com/group/7416298966129754624/,,0,0
再次致歉！绝不容忍！官方最新回应：“拒载涉事者”！,2024-09-22 01:22,530,128,闽南网,闽南网,近日，有内地网民称自己乘坐香港国泰航空航班时，因调整座椅而遭到后排一对夫妇辱骂，理由是“妨碍看电视”。21日下午，国泰航空回应表示，将拒绝此事件中二位滋扰他人的乘客未来乘搭任何国泰集团的航班。,https://toutiao.com/group/7417271589663982134/,,0,0
央视曝光！中外航母激烈对抗，歼15冒雨紧急起飞，双方都挂了实弹,2024-09-15 06:12,530,174,熏儿体坛,熏儿体坛,引言外军F-18战机趁着风雨来挑衅，咱中国的歼-15可没怂！大雨滂沱，航母还在颠簸，我军飞行员迎难而上，一招逼退对方。这不是演习，而是真实的海空对抗，让我们看看这场硬碰硬的对抗背后究竟有多精彩。正文大风大浪中亮剑，咱辽宁号不吃素！,https://toutiao.com/group/7414744298672898600/,,0,0
突发！6枚航弹从天而降，中方营区受损险酿伤亡，凶手身份很明显,2024-09-21 08:45,486,179,兵说,兵说,至少6枚航弹突然从天而降飞向中方赴黎巴嫩维和部队营区，造成设施受损，差点酿成严重伤亡，这件事情到底是谁干的?,https://toutiao.com/group/7417014478829421056/,,0,0
她认干爹改国籍，曾叫嚣要击败女国乒，却在巴黎奥运会丢尽了脸,2024-08-26 14:00,483,301,吃瓜崽崽,吃瓜崽崽,她曾是中国国籍，却因认干爹入韩籍。十九岁的她被国人认为是乒坛叛徒，还曾叫嚣女国乒。如今却成为了韩国乒乓一姐。,https://toutiao.com/group/7407375792933044790/,,0,0
令人痛心:河南失联初三女生被找到，现场太凄惨，已无生命体征！,2024-09-22 13:08,481,179,智者辰星,智者辰星,2024年9月18日。那天，一位初三的女生，在爷爷的陪伴下，踏上了那条熟悉而又充满未知的路。然而，这条通往学校的路，最终却成了她生命旅程中无法抵达的终点。观看视频迷雾中的追寻：书包与钱的背后故事的转折点，发生在那个清晨的细微瞬间。,https://toutiao.com/group/7417453646138343955/,,0,0
被打回原形？35岁杨颖闯荡半生干回“老本行”，活成内娱最大笑话,2024-09-20 13:03,477,154,品古观今,品古观今,今天，一则题为“黄晓明官宣最大的受害者出现了”冲上了热一。虽说这些赞助是冲着baby来的，但不可否认若是没有黄晓明，她拉不到这些赞助，也不会有曾经的人气。,https://toutiao.com/group/7416679063428874779/,,0,0
第六套人民币来了？明年上市，还有1000元面额？假的！,2024-09-22 01:16,476,204,上观新闻,上观新闻,近日，有互联网论坛上出现帖文称“最新的人民币第6套”“明年即将上市1000元人民币”，还附上了所谓“新版人民币”的票样图片，包含印有“龙腾”图样的粉色1000元大额币种、印有领导人头像的褐色500元币种等。这是真的吗？,https://export.shobserver.com/toutiao/html/798170.html,,0,1
辽宁男子吃蛇竟然变“蛇人”，身上长出鳞片，蛇肉究竟能不能吃？,2024-08-30 02:25,472,116,卿羽飞,卿羽飞,吃蛇听得多了，但你听说过因为吃蛇变成“蛇人”的吗?2003年，在辽宁的一个偏远山村，村民韩永波吃了蛇肉后，竟然大变“蛇人”。,https://toutiao.com/group/7408748018041651747/,,0,0
伊朗军队参谋长兼副协调员哈比博拉·萨亚里：伊朗不需要其他国家从万里之外介入,2024-09-16 06:45,464,428,环球网,环球网,来源：央视军事 近日，伊朗军队参谋长兼副协调员哈比博拉·萨亚里来华参加第十一届北京香山论坛，并在伊朗驻华大使馆接受总台记者专访。他说：“伊朗国产武器完全满足自身需求，武器系统更加多样化，我们多次说过，我们和其他地区国家能够保障地区安全，不需要其他国家从万里之外介入。,https://3w.huanqiu.com/a/d2d030/4JSgaAnDq44?agt=20,,0,0
俄乌冲突的经验教训表明：别再吹嘘东风导弹无敌论了,2024-09-15 06:16,462,140,元衡防务,元衡防务,在俄乌冲突中，俄军以“伊斯坎德尔”为代表的各型战术弹道导弹在战场上取得了相当不俗战果。俄军还使用“伊斯坎德尔”导弹成功摧毁了乌军包括M777榴弹炮、“海马斯”多管火箭在内的多款先进武器，还对乌军位于波尔塔瓦州的第179通信训练进行了集中打击，造成包括外国军事教官在内的600多人伤亡，创造了俄军战术弹道导弹打击乌军集结地的新纪录。,https://toutiao.com/group/7413987745057538572/,,0,0
河南叶县强拆果园为高速让路，当地成立联合调查组，果园负责人发声,2024-09-20 03:20,432,776,极目新闻,极目新闻,极目新闻记者 詹钘近日有媒体报道，在河南叶县，当地政府为修建高速公路征地，在未能达成赔偿协议的条件下对一家果园进行了强拆。19日，果园负责人贾先生接受极目新闻记者采访时表示，他不认同政府定的赔偿金额依据，因为与其实际损失差距太大。当地政府则回应称，对此事会进行积极沟通和协调。,http://jms.ctdsb.net/jmythshare/#/index_share?cId=0&contentType=5&contentId=2259207,,0,0
泪目！徐少强夫妇追悼会举行，两人遗照引人关注，评论区破防了！,2024-09-21 07:20,423,172,咸鱼娱乐,咸鱼娱乐,9月21日，著名武打演员徐少强夫妇追悼会在横店大智禅寺的礼佛堂举行，众多亲朋好友前来送别，礼堂的布置也是十分简单，正中央是徐少强夫妇遗照，周边摆满了鲜花，就像网友说的，这是有生之年第一次看到夫妻合照出现在灵堂之中，感到十分惋惜。,https://toutiao.com/group/7416989353517367842/,,0,0
网红杨子钰，被爸爸三石暴力抢夺，孩子哭诉不要打妈妈，现场曝光,2024-09-22 15:25,412,696,宪哥说说,宪哥说说,说‬起‬小‬网红‬杨子钰，肯定不少网友都认识，虽然不知道这个名字，但是大家‬应该‬在‬视频‬平台‬都‬见过‬这个可爱的小女孩。正所谓人红是非多，本以为幸福快乐的一家三口，但是因为钱的问题，夫妻两个人在网上胡斯，你来我往非常精彩，不过最终都是三‬石胜利，孩子的妈妈被网友唾弃。,https://toutiao.com/group/7417484266960847397/,,0,0
北方部分地区降温降到“发紫”，局地猛跌16℃以上，冷空气将向南推进，21日跨过长江,2024-09-20 06:45,411,600,九派新闻,九派新闻,9月20日，据中国天气消息：今天降温的主场属于北方，西北、东北、华北部分地区降温降到“发紫”，11时局地气温相比前一日同时次猛跌16℃以上。,https://toutiao.com/group/7416611885627294247/,,0,0
万钊：美联储降息，给中国多少政策空间？,2024-09-22 07:47,410,183,观察者网,观察者网,【文/观察者网专栏作者 万钊】 一、美联储降息符合预期，但未来路径表态偏鹰北京时间9月19日凌晨，美联储议息会议结束后发布声明，美联储将联邦基金利率的目标区间下调50bp至4.75%-5.,https://www.guancha.cn/Wanzhao/2024_09_22_749356.shtml,,0,0
令人痛心:河南失联初三女生被找到，可惜已无生命体征！,2024-09-23 02:59,408,110,小白说事288点赞,小白说事288点赞,痛心！河南初三女生失联两天后找到，可惜已无生命迹象《点击观看视频》这事儿发生在2024年的9月18号，河南驻马店正阳县。那天，一个花季少女的生命，就像秋天的落叶，突然间就飘走了。十五六岁，正是人生中最美好的年纪，本该是梦想起航的时候，却因为一场突如其来的悲剧，戛然而止。,https://toutiao.com/group/7417666312555495951/,,0,0
"军方公布J-20击落“敌机”信息量很大, 到底是谁那么倒霉被打掉了?",2024-09-17 01:48,406,129,豆包,豆包,解放军的J-20隐形战斗机一直是我们军事迷的骄傲，最近人民网发布了一段27秒的战斗视频，更是让人看得血脉贲张。视频一开始，J-20飞行员和指挥中心的对话就把咱们带进了战场。这可不是简单的飞行演练，内容复杂得很。,https://toutiao.com/group/7415422077861134900/,,0,0
中国又杀出一匹黑马!年入8117亿，远超华为成最大民企她凭啥?,2024-09-10 10:07,388,117,少有浅话史,少有浅话史,提起华为，那可是家喻户晓，民族企业的骄傲。但是，最近公布的2024年《财富》世界500强榜单，却让人大跌眼镜：华为居然没进前一百！更让人意外的是，一家叫“恒力”的企业，竟然超过了华为，排在第81位。啥？恒力？这又是哪家“大神”？,https://toutiao.com/group/7412953116540158516/,,0,0
女孩15岁就能接客！捷克色情产业遍布全国，把学校古堡当无人之地,2024-09-14 07:04,380,177,昕昕局,昕昕局,15岁的小姑娘还正是躲在妈妈怀里撒娇年纪，然而在捷克却已经是能做“性”工作的年龄了。更是把学校和古堡当无人之地，捷克为何色情产业如此发达?,https://toutiao.com/group/7414390711279288867/,,0,0
陈梦“双喜临门”，官宣新身份正式上任，球迷：退役后不愁了,2024-09-18 10:56,379,113,品古观今,品古观今,殊不知，同一时间她收获了一个好消息——成为某高校的校长正式上任。9月15日，澳门冠军赛决赛当天，也是中秋假期的第一天，陈梦接到了一项新任命。,https://toutiao.com/group/7415903802957496871/,,0,0
鹿晗连续八年为小7岁女友关晓彤庆生，关晓彤回应：谢谢呀，喜欢2和7，希望27岁的自己帅气加倍,2024-09-17 02:48,376,252,九派新闻,九派新闻,9月17日，演员关晓彤生日，男友鹿晗卡零点为女友庆生。0:07分，关晓彤在评论区回复道：“谢谢呀”。0:02分，关晓彤发文称：“2和7都是我喜欢的数字，那么~希望27的自己帅气加倍！ ”据悉，这也是鹿晗连续八年为关晓彤庆祝生日，关晓彤也连续两年回复：谢谢呀。,https://toutiao.com/group/7415434182853165606/,,0,0
河南失联初三女生被找到，现场太凄惨,2024-09-21 07:54,373,276,开着五菱找飞飞,开着五菱找飞飞,咱们常听说“好好学习，天天向上”，可是这句话背后藏着多少孩子的“向下”？河南这位初三女生的悲剧，再次敲响了社会心理健康的警钟：我们到底对孩子要求了什么，又给了他们什么？,https://toutiao.com/group/7417000778700685834/,,0,0
河北密集调整县委书记,2024-09-17 10:55,346,128,新京报,新京报,近期，河北省多位县委书记调整。,https://m.bjnews.com.cn/detail/1726570136129493.html,,0,0
一场同学聚会，揭开了黄海波的“江湖地位”，难怪曲栅栅不离不弃,2024-09-18 04:45,344,108,卿羽飞,卿羽飞,近日，演员崔奕更新了自己的社交平台，这次的动态中，我们见到了一个意想不到的人，那就是黄海波。这一次聚会除了有崔奕我们还在合照中见到了意想不到的人，那就是黄海波。,https://toutiao.com/group/7415829235899646490/,,0,0
“央视一姐”到“查无此人”，54岁的鲁豫，终将还是走到今天这步,2024-09-02 06:24,330,315,八号探秘人,八号探秘人,可谁又能想到，曾经的主持女王，如今却沦落到“查无此人”的地步。然而，当54岁的她再次出现在荧幕上时，不禁令无数观众对她的境况感到唏嘘。,https://toutiao.com/group/7409927726951399976/,,0,0
黄晓明官宣新恋情，上演霸总文学，引起全网热议,2024-09-20 05:31,321,199,卿羽飞,卿羽飞,阅读文章前辛苦您点下“关注”，方便讨论和分享，为了回馈您的支持，我将每日更新优质内容。文 | 卿羽飞编辑 | 卿羽飞在昨天黄晓明官宣了新的恋情，但是并没有多少网友表示震惊，因为黄晓明和他的新女朋友叶柯的事可以说是人尽皆知。网友们都表示，让我们恭喜这对旧人。,https://toutiao.com/group/7416584928369836544/,,0,0
事实证明，47岁的黄晓明，已经活成了一个“笑话”,2024-09-20 05:31,318,195,卿羽飞,卿羽飞,在昨天黄晓明官宣了新的恋情，但是并没有多少网友表示震惊，因为黄晓明和他的新女朋友叶柯的事可以说是人尽皆知。,https://toutiao.com/group/7416584928369836544/,,0,0
王菲现身机场，送女儿李嫣上大学，李嫣穿黑色吊带身材碾压妈妈,2024-09-18 01:11,301,206,丸子君,丸子君,编辑|丸子俗话说得好：“龙生龙，凤生凤，老鼠的儿子会打洞。”用在星二代身上，那简直是再合适不过了！最近，王菲和李嫣母女在北京大兴机场亮相的画面直接刷爆了网络。网友们都忍不住感慨：“这届星二代太会长了吧！”两人那一出场，简直就是时尚大片现场，瞬间引发热议。,https://toutiao.com/group/7415777298789515791/,,0,0
涉重大刑事案件！内蒙古警方悬赏5万元：24岁男子潜逃时穿迷彩鞋，携带望远镜，左侧颧骨有一颗黑痣,2024-09-20 09:28,298,384,九派新闻,九派新闻,9月20日，平安乌兰察布发布一则《悬赏通告》：卓资县公安局正在侦办一起重大刑事案件，经查，何玉龙有重大作案嫌疑，于2024年9月18日潜逃。,https://toutiao.com/group/7416653349476499968/,,0,0
新疆乌鲁木齐市达坂城区发生4.6级地震,2024-09-17 08:43,282,659,中国地震台网速报,中国地震台网速报,据中国地震台网正式测定，9月17日16时33分在新疆乌鲁木齐市达坂城区发生4.6级地震，震源深度32公里，震中位于北纬43.72度，东经88.26度。,http://news.ceic.ac.cn/CC20240917163304.html,,0,0
凌晨突发！美联储降息了，4年来首次,2024-09-18 19:33,271,108,北京日报客户端,北京日报客户端,北京时间9月19日凌晨2时许（美国当地时间9月18日），美国联邦储备委员会宣布将联邦基金利率目标区间下调为4.75%至5%，即降息50个基点，这是美联储自2020年以来，首次降息。分析认为，历史上，除非遇到重大经济危机，美联储在开启新降息周期时，很少大幅降息50个基点。,https://rss2.bjd.com.cn/content/s66eb2a2be4b01a5d71c8de5b.html,,0,0
谁干的？ 6 枚航弹砸向中国赴黎维和部队，幕后黑手找不出第二家,2024-09-21 07:08,263,267,长风纪录片,长风纪录片,和平使者遭遇死神问候？9月19日，一则震惊的消息突然传出：我国赴黎维和部队营区周边发生爆炸，6枚航弹突然落下，让这片本该安宁的土地风声鹤唳。万幸营区周边提前安装了干扰设备，使得这些不速之客未能直接命中目标。官兵们反应迅速，利用掩体进行有效防护，这才没有发生人员伤亡的惨剧。,https://toutiao.com/group/7416984146402165258/,,0,0
一夜之间直接翻了7倍啊！网友怒了：良心不会痛吗？,2024-09-17 05:50,231,275,北青网,北青网,在重大自然灾害影响期间借机大幅涨价，属于扰乱市场价格秩序的“哄抬物价”，社会影响恶劣还要吃罚单，实在是“赔了夫人又折兵”。前不久，超强台风“摩羯”袭击海南等地，海口部分区域出现短暂停水停电，不少居民选择住酒店。然而，据居民反映，海口部分酒店出现涨价的情况。,http://t.ynet.cn/h5/35837071.html,,0,0
万万没想到，35岁杨颖兜兜转转干回“老本行”，活成内娱最大笑话,2024-09-16 02:41,224,148,八号探秘人,八号探秘人,“一失足成千古恨”，这句话用在她的身上，显得格外贴切。当别人35岁还在想办法红的时候，她就已经经历了从“嫩模”到“顶流”再到“嫩模”的轮回。,https://toutiao.com/group/7414910623407931923/,,0,0
国航C919飞机疑滑回排除故障换飞空客，资深机长：航班因故障滑回换机是正常现象,2024-09-22 10:05,223,247,大风新闻,大风新闻,9月22日，网友发视频反映国航CA1507航班原定使用C919大飞机执飞，因滑回排除故障而换乘空客A320。对此，一位资深机长解读称C919作为国产大飞机，技术非常成熟，有故障滑回换机很正常。,https://toutiao.com/group/7417405811645579802/,,0,0
官方通报：涉事教师，被采取刑事强制措施！,2024-09-15 00:58,223,239,红星新闻,红星新闻,9月14日，杭州市余杭区教育局发布情况通报：近日网上流传余杭区一教师师德失范行为的信息，经核实，该事件发生于2024年5月底，公安部门和教育部门已第一时间开展调查处理。公安机关对涉事教师依法采取刑事强制措施。教育部门对涉事教师进行解聘。目前，该案已在检察机关审查起诉中。,https://toutiao.com/group/7414667549423518234/,,0,0
“男子被砍后持砖反杀对方”案二审维持原判 法院：刀掉后本可报警，后续冲突不算正当防卫,2024-09-21 10:02,206,634,红星新闻,红星新闻,此前，红星新闻曾报道了《男子被砍后持砖反杀对方 一审被判10年 二审未当庭宣判，是否构成正当防卫成辩论关键》。9月20日，记者从郝某某家属处获悉，该案经内蒙古自治区兴安盟中级人民法院审理后，维持原判，即认定郝某某犯故意伤害罪，判处有期徒刑10年。,https://cdsbrss.cdsb.com/toutiao_no_video.php?url=https%3A%2F%2Fstatic.cdsb.com%2Fmicropub%2FArticles%2F202409%2F3f8a2e97969f1dc51cfd85420e9cde8b.html,,0,0
结局来了！知情人透露男孩殴打妈妈内幕，评论区炸锅！,2024-09-19 13:57,186,121,三好少年,三好少年,导语谁能想到在“孔孟之乡”山东，竟然上演了一场男子暴打母亲的炸裂场面。离谱的是被殴打的母亲起身第一句话居然是 “没事没事”这位母亲身上到底经历了什么？男子为何要如此对待养育自己的母亲？还是这位母亲做了什么？儿子暴打母亲，母亲却说 “没事没事”？,https://toutiao.com/group/7416348533915238948/,,0,0
无锡虹桥医院法定代表人、院长等15人已被采取刑事强制措施,2024-09-23 23:16,172,149,封面新闻,封面新闻,情况通报近日，我局会同公安、卫健等部门继续对无锡虹桥医院涉嫌骗取医保问题进行全面调查，目前该医院骗保情况基本查实。9月22日，我局取消其医保定点资格，公安机关刑事立案。9月23日，无锡虹桥医院法定代表人、院长等15名涉案人员已被公安机关依法采取刑事强制措施。该民营医院现已停业。,https://m.thecover.cn/news_details.html?from=web&eid=7UF/%2BSneF0OH90qSdq8Jkw==,,0,0
突然卖不动了，大跌！曾经的“网红”跌落神坛,2024-09-17 01:23,170,122,湖南日报,湖南日报,大量秋季时令水果上市，不少网红水果价格暴跌！进入9月，第一波多汁高甜的秋月梨上市了，在一些农贸市场，有的秋月梨四块钱一斤，小点的搞特价，五块钱两斤。图源/半岛日报不仅是秋月梨，其中被誉为“水果之王”的榴莲也再度降价！,https://m.voc.com.cn/xhn/news/202409/20687752.html,,0,0
桃色大瓜！气象局长出轨女下属，聊天记录曝光，实在没法看,2024-09-18 03:28,162,147,美少吕战士,美少吕战士,事件视频（来源晓辉在路上）公职人员的不当行为，与其职责相关，将会严重损害公众利益。比如，最近发生的气象局长猥亵儿童，就是一起典型的公职人员不当行为事件。 从法律角度看，公职人员是代表国家或者公共利益行使公共权力的人。他们所担负的权力和职责，是为了服务公众。,https://toutiao.com/group/7415817716109558322/,,0,0
同日激战！华为三折叠秒空，苹果门店人气火爆，黄牛坦言：“亏死了”,2024-09-20 11:13,154,186,极目新闻,极目新闻,9月20日，继同一天发布后，苹果iPhone 16系列和华为三折叠Mate XT非凡大师再次在同一天发售。此番“撞档”，在网络上引发了热议，不少网友戏称其为“科技行业巅峰对决”。那么，在长沙地区的线下门店，华为与苹果的这场“神仙打架”情况如何呢？,http://jms.ctdsb.net/jmythshare/#/index_share?cId=0&contentType=5&contentId=2259604,,0,0
“价格战”引发经销商资金链断裂问题 中国汽车流通协会向政府部门递交紧急报告,2024-09-23 08:49,145,405,财联社,财联社,【“价格战”引发经销商资金链断裂问题 中国汽车流通协会向政府部门递交紧急报告】财联社9月23日电，中国汽车流通协会收到大量会员企业反映，持续的“价格战”等因素所带来的汽车市场剧烈变化，使得汽车经销商深陷泥潭，面临着资金流动性极度紧张的突出问题。,https://www.cls.cn/depth/1806200,,0,0
苹果火速下架？网友蒙了：一觉醒来成绝版,2024-09-12 06:38,139,114,齐鲁壹点,齐鲁壹点,9月10日凌晨1点，2024年苹果秋季新品发布会正式召开，会上发布了iPhone16系列手机以及新款AirPods、Apple Watch产品。同日，苹果官网显示iPhone15仅有15和15Plus在售，iPhone15Pro系列官网已下架。,http://m.ql1d.com/new/general/24711518,,0,0
黎巴嫩寻呼机爆炸事件已致8死2750伤,2024-09-17 16:19,116,269,极目新闻,极目新闻,当地时间17日，黎巴嫩卫生部长表示，该国发生的寻呼机爆炸事件已造成8人死亡、2750人受伤，伤者中约有200名危重病例。,http://jms.ctdsb.net/jmythshare/#/index_share?cId=0&contentType=5&contentId=2256921,,0,0
